,Source,Date,Text,Compound Score,Positive Score,Neutral Score,Negative Score,Tweets Ago
0,@BBC,Wed Dec 13 20:00:10 +0000 2017,London's Euston station will be turned into a shelter for the homeless on Christmas Day. ????… https://t.co/Y834ULzLu5,0.0,0.0,1.0,0.0,1
1,@BBC,Wed Dec 13 19:31:04 +0000 2017,? Why you must never pee in front of elephants... and more surprising facts. ? https://t.co/Bz8ncFjAfa https://t.co/o2vs4NJDK0,0.3384,0.146,0.854,0.0,2
2,@BBC,Wed Dec 13 19:00:02 +0000 2017,"It’s spicy, it's tangy &amp; it'll warm you right up. ??
Get the full recipe for @Rick_Stein's Sopa Azteca here. ?… https://t.co/jLcGMawMgO",0.2263,0.083,0.917,0.0,3
3,@BBC,Wed Dec 13 18:32:04 +0000 2017,Princess Margaret broke all the royal rules long before Prince Harry. ? https://t.co/RffK1BgQG0 https://t.co/TMnsg71XDB,-0.4215,0.0,0.811,0.189,4
4,@BBC,Wed Dec 13 18:00:12 +0000 2017,"Còsagach: A feeling of being snug, sheltered or cosy. ?
Scotland could offer visitors a rival to the Danish concept… https://t.co/XlVpqlvaTV",0.128,0.081,0.919,0.0,5
5,@BBC,Wed Dec 13 17:30:01 +0000 2017,"Dwayne Johnson, president, 2020?

The Graham Norton Show | @BBCOne https://t.co/TfDdY43IER",0.0,0.0,1.0,0.0,6
6,@BBC,Wed Dec 13 17:23:02 +0000 2017,"RT @bbcgenome: #OTD 2006, @StephenMerchant won a British Comedy Award for his role in Extras. Here he is pictured alongside @rickygervais a…",0.8658,0.35,0.65,0.0,7
7,@BBC,Wed Dec 13 17:00:14 +0000 2017,"'Tartes of flesh' used to include pork, hard-boiled eggs, cheese, spices, saffron, &amp; sugar in the 1300s. ?

This is… https://t.co/39MHfYnQ6Y",0.0,0.0,1.0,0.0,8
8,@BBC,Wed Dec 13 15:49:03 +0000 2017,'Meghan Markle' and 'fidget spinners' top UK Google search for 2017. https://t.co/hYKDDFVfPL https://t.co/YCbpX1K8yC,0.2023,0.13,0.87,0.0,9
9,@BBC,Wed Dec 13 15:39:29 +0000 2017,RT @BBCNewsEnts: Peter Kay fans will be pleased to hear his final 2 Car Share episodes have already been filmed and will be screened next y…,0.6249,0.181,0.819,0.0,10
10,@BBC,Wed Dec 13 15:12:05 +0000 2017,"Whether you're filling hampers or catering for a party, we've got all the biscuit recipes you need for a perfect Ch… https://t.co/9csfsG53Le",0.7506,0.262,0.738,0.0,11
11,@BBC,Wed Dec 13 14:37:03 +0000 2017,This guy made a candy cane pizza and we might need to cancel Christmas. ?? https://t.co/6DGfL53C2O https://t.co/W0pvpj4V4d,-0.25,0.0,0.882,0.118,12
12,@BBC,Wed Dec 13 14:03:03 +0000 2017,"When cold air meets warm air, ice crystals form six-sided shapes around a speck of dust, creating a snowflake! ??
W… https://t.co/NAgUr0xHZq",0.5255,0.196,0.804,0.0,13
13,@BBC,Wed Dec 13 13:30:05 +0000 2017,"Being friends with George Clooney is probably cool enough...
Now it's been revealed he's given $1 million to each o… https://t.co/AK3GUd8UXq",0.6597,0.221,0.779,0.0,14
14,@BBC,Wed Dec 13 13:14:21 +0000 2017,RT @bbcthree: PLOT TWIST. #TheApprentice https://t.co/eIpXZy7Jm2,0.0,0.0,1.0,0.0,15
15,@BBC,Wed Dec 13 13:11:33 +0000 2017,RT @bbccomedy: French and Saunders celebrate 300 years in showbiz! ? @FerriFrump @Dawn_French https://t.co/X8WgKukZ8W,0.6114,0.25,0.75,0.0,16
16,@BBC,Wed Dec 13 13:00:02 +0000 2017,"'It was brilliant to sweep in to a room and say, ""hokey-cokey pig in a pokey, good morning job seekers!""'

Who's ex… https://t.co/Ejnm3jvDOP",0.7901,0.269,0.731,0.0,17
17,@BBC,Wed Dec 13 12:30:02 +0000 2017,"This woman is showing people how to turn their food pics into #FoodPorn. ??
Via BBC Minute. https://t.co/sScwTTcPuB",0.0,0.0,1.0,0.0,18
18,@BBC,Wed Dec 13 12:27:30 +0000 2017,"RT @BBCR1: ?? @SamSmithWorld got everyone in their feelings with his Christmas cover ??

https://t.co/Y1B16frQ4p",0.0,0.0,1.0,0.0,19
19,@BBC,Wed Dec 13 12:21:18 +0000 2017,"RT @BBCR1: How stunning is this? 

@SamSmithWorld covering Have Yourself A Merry Little Christmas is totally perfect. ? https://t.co/7rJdEM…",0.8777,0.419,0.581,0.0,20
20,@BBC,Wed Dec 13 12:09:04 +0000 2017,"RT @BBCR1: THAT VOICE ?

So good to have @SamSmithWorld back in the Live Lounge. One Last Song sounds SO beautiful (and pretty festive, no?…",0.9455,0.433,0.567,0.0,21
21,@BBC,Wed Dec 13 12:00:08 +0000 2017,Late Junction has spent the year traversing the outer edges of musical experimentation to find the most interesting… https://t.co/D9YD5pVIDU,0.0,0.0,1.0,0.0,22
22,@BBC,Wed Dec 13 11:52:55 +0000 2017,"RT @bbcmusic: ? @Harry_Styles stepped in to host @JKCorden's TV show last night (with 2.5 hours notice!)
? https://t.co/KMPl2POLrC https://…",0.0,0.0,1.0,0.0,23
23,@BBC,Wed Dec 13 11:42:41 +0000 2017,"RT @BBCTwo: In 2012, Daniel lost both his legs after being run over by a police vehicle.

Since then, he's applied for over 800 jobs... but…",-0.3182,0.0,0.913,0.087,24
24,@BBC,Wed Dec 13 10:39:21 +0000 2017,"French and Saunders celebrate 300 years in showbiz. ?

Full interview ? https://t.co/rompNHRjh8

300 Years of Frenc… https://t.co/kzA69viRu4",0.5719,0.198,0.802,0.0,25
25,@BBC,Wed Dec 13 10:18:11 +0000 2017,"'Rousing.' 'Thrilling.' 'Addictively bold.'
Just a few of the superlatives critics are using to describe the latest… https://t.co/nIKR8Odx8e",-0.296,0.0,0.879,0.121,26
26,@BBC,Wed Dec 13 09:00:05 +0000 2017,"Coronary heart disease is the biggest killer in the UK, causing almost 74,000 deaths each year. 
????  Here are 10… https://t.co/7zMRqir8VH",-0.6486,0.0,0.823,0.177,27
27,@BBC,Wed Dec 13 08:40:01 +0000 2017,"Steph's a cheerleading world champion. She's also blind. ????
Via @BBCStories. https://t.co/CktGzvfE1P",0.5267,0.363,0.476,0.161,28
28,@BBC,Wed Dec 13 08:20:03 +0000 2017,There's great pleasure in realising that total unknowns can be as brilliant as your favourite recording artists. ??… https://t.co/ohcGDgymVJ,0.9118,0.42,0.58,0.0,29
29,@BBC,Wed Dec 13 08:00:04 +0000 2017,The 'Godfather of Coral' has identified more than 20% of the world's coral species &amp; transformed our understanding… https://t.co/tRtikV4SbW,0.0,0.0,1.0,0.0,30
30,@BBC,Wed Dec 13 07:38:04 +0000 2017,"Feelings of stress and anxiety disorders are extremely common. Remember, you're not alone in this and you don't hav… https://t.co/Zw8sl2UxTU",-0.4137,0.075,0.731,0.194,31
31,@BBC,Tue Dec 12 20:30:05 +0000 2017,'I’m talking about my rape to encourage other male victims to do the same.' https://t.co/KJuXHNo0oC https://t.co/KeO7ujanSr,-0.5719,0.142,0.558,0.3,32
32,@BBC,Tue Dec 12 20:00:09 +0000 2017,"Overfishing and changing sea temperatures are pushing seabirds to the brink of extinction, according to new data. ?… https://t.co/Gm4wOSz6TB",0.0,0.0,1.0,0.0,33
33,@BBC,Tue Dec 12 19:30:05 +0000 2017,"'The Spice Girls only had one black member and she was called Scary!' ?
#LiveAtTheApollo via @BBCTwo. https://t.co/ttkiAvosb6",0.0,0.0,1.0,0.0,34
34,@BBC,Tue Dec 12 19:19:59 +0000 2017,"RT @bbccomedy: When the help's so helpful, but you just can't stand her helping. #FirstWorldProblems #Motherland @MissDianeMorgan https://t…",-0.0062,0.112,0.775,0.113,35
35,@BBC,Tue Dec 12 19:19:47 +0000 2017,"RT @bbcstories: “I’m being led by the hand by my child, not the other way around.” - Richard's son Jaco has autism, and their relationship…",0.4939,0.122,0.878,0.0,36
36,@BBC,Tue Dec 12 19:19:14 +0000 2017,"RT @BBCOne: “It’s gold.” #TheAWord cast explain what is so special about the show. 

Tonight. 9pm. @BBCOne. https://t.co/hP8zufMx79",0.541,0.17,0.83,0.0,37
37,@BBC,Tue Dec 12 19:19:06 +0000 2017,RT @TWBBC: If you're in Glasgow Wednesday night expand your mind with the Tomorrow's World Live show at the Science Centre - all about brai…,0.3182,0.091,0.909,0.0,38
38,@BBC,Tue Dec 12 19:18:57 +0000 2017,"RT @BBCScotland: ""IT'S THE KETTLE!"" ?

#ScotSquad 
@Gradowrestling // @Mani2thaJ https://t.co/hc1bob5blR",0.0,0.0,1.0,0.0,39
39,@BBC,Tue Dec 12 19:18:27 +0000 2017,RT @BBCWomansHour: Neuroscientist @sophiescott explains how we can tell what people are REALLY thinking ?? (by reading their microexpressio…,0.0,0.0,1.0,0.0,40
40,@BBC,Tue Dec 12 19:17:56 +0000 2017,RT @BBC6Music: ?? ?? Scissors at the ready... Make your own @NoelGallagher Christmas decoration to put on your high-flying sleigh ahead of…,0.0,0.0,1.0,0.0,41
41,@BBC,Tue Dec 12 19:16:42 +0000 2017,"RT @BBCSpringwatch: 10 glorious photos of British wildlife in the snow
https://t.co/Ap7kaHaozX https://t.co/hEeEvk6hSN",0.6369,0.259,0.741,0.0,42
42,@BBC,Tue Dec 12 19:00:03 +0000 2017,"In the 3rd episode of @TWBBC Live, we explore how today’s scientific research &amp; technology is changing how we care… https://t.co/4zopZ7DvfC",0.0,0.0,1.0,0.0,43
43,@BBC,Tue Dec 12 18:30:05 +0000 2017,"Will we get a white Christmas? ??
We actually get snow on Christmas Day more often than you might think - but it de… https://t.co/6Yyu2Uuux0",0.0,0.0,1.0,0.0,44
44,@BBC,Tue Dec 12 18:00:07 +0000 2017,"?? Some of the best Christmas world records: Instadogs, Susan Boyle and surfing Santas. https://t.co/MKT10qhvmL https://t.co/PdthEWx1ew",0.6369,0.219,0.781,0.0,45
45,@BBC,Tue Dec 12 17:30:05 +0000 2017,"Vinny Singh breaks down the questions that a Sikh gets asked. 
Via @BBCTheSocial. https://t.co/TzDifjETu6",0.0,0.0,1.0,0.0,46
46,@BBC,Tue Dec 12 16:58:17 +0000 2017,National treasures @Dawn_French &amp; Jennifer Saunders (@ferrifrump) are back together this festive season with a spec… https://t.co/7zRCfpqGN7,0.743,0.31,0.69,0.0,47
47,@BBC,Tue Dec 12 16:30:01 +0000 2017,?? Your pictures of beautiful Scotland from last week. Via @BBCScotland. https://t.co/oCDu9gmx6j,0.5994,0.262,0.738,0.0,48
48,@BBC,Tue Dec 12 16:07:17 +0000 2017,"RT @bbc5live: ""Tom gave the ultimate gift"" 

Lisa donated her son's organs after he died two years ago. https://t.co/DfvkAgRnoF",-0.1779,0.123,0.723,0.153,49
49,@BBC,Tue Dec 12 15:34:04 +0000 2017,The eight party season commandments that'll help you survive all the festivities. ?? https://t.co/2syg9lMOae https://t.co/44WFAPi0HB,0.8176,0.415,0.585,0.0,50
50,@BBC,Tue Dec 12 15:05:52 +0000 2017,RT @BBCiPlayer: ? Planning a ski holiday? @ClaudiaWinkle has a special message for you ? https://t.co/9bgFssqWxj,0.6597,0.351,0.649,0.0,51
51,@BBC,Tue Dec 12 15:04:37 +0000 2017,"RT @BBCOne: #TheApprentice. Emoji style.
???????? https://t.co/wVHbF7LKIZ",0.0,0.0,1.0,0.0,52
52,@BBC,Tue Dec 12 15:00:10 +0000 2017,"?? #BluePlanet2 has become @BBCiPlayer’s most popular programme of the year so far, with 4.2 million requests for t… https://t.co/m9bcExK8fz",0.4754,0.14,0.86,0.0,53
53,@BBC,Tue Dec 12 14:30:09 +0000 2017,? @BBCOne has announced a new Saturday night game show to launch in the run up to Sport Relief 2018.… https://t.co/26UoAkfV8d,0.4767,0.147,0.853,0.0,54
54,@BBC,Tue Dec 12 14:00:05 +0000 2017,New research suggests that #ManFlu is a real thing. ? https://t.co/zMM12bFOCy,0.0,0.0,1.0,0.0,55
55,@BBC,Tue Dec 12 13:30:04 +0000 2017,"? @Nigella_Lawson's 'forgotten cookies' recipe is one to remember this Christmas. 
Full recipe here ?… https://t.co/Ti9tNmAlsb",-0.2263,0.0,0.881,0.119,56
56,@BBC,Tue Dec 12 13:00:05 +0000 2017,"? In the final episode of #BluePlanet2, David Attenborough explored some of the issues facing life in the oceans.… https://t.co/LGXeb4XRnH",0.0,0.0,1.0,0.0,57
57,@BBC,Tue Dec 12 12:50:40 +0000 2017,"RT @BBCR1: ?? @EdSheeran just took on a HUGE Christmas song in the Live Lounge ??

https://t.co/Nu8EtGE2Go",0.4648,0.168,0.832,0.0,58
58,@BBC,Tue Dec 12 12:50:26 +0000 2017,"RT @BBCR1: It's a HUGE Christmas song, but they did it! ?

@EdSheeran, @AnneMarieIAm and @beogamusic totally nailed their cover of Fairytal…",0.3201,0.108,0.892,0.0,59
59,@BBC,Tue Dec 12 12:30:01 +0000 2017,"#TheLeagueofGentlemen
Coming 18, 19 &amp; 20 December on @BBCTwo!
Via @BBCComedy. https://t.co/6kxS3Pgdwr",0.0,0.0,1.0,0.0,60
60,@BBC,Tue Dec 12 12:00:09 +0000 2017,??? 6 dramatic ways pop stars tried to get out of their record contract. https://t.co/OR4LXmoqPa https://t.co/tzXmCm7qbu,0.0,0.0,1.0,0.0,61
61,@BBC,Tue Dec 12 10:53:45 +0000 2017,"RT @BBCTwo: How do you stage a nativity in the car park of a Bethlehem hotel? And, more importantly, how do you make it snow? #TheAlternati…",0.4503,0.114,0.886,0.0,62
62,@BBC,Tue Dec 12 10:52:21 +0000 2017,"RT @BBCFOUR: Transit vans, transport cafes, B&amp;Bs and roadies. It's all glamour in the world of rock 'n' roll on the road. Watch now on @BBC…",0.5267,0.12,0.88,0.0,63
63,@BBC,Tue Dec 12 10:46:48 +0000 2017,"RT @BBC6Music: ? What was your favourite song and album of 2017? 

@BBC6Breakfast are warming up for Thursday’s 6 Music Recommends Best of…",0.7717,0.3,0.7,0.0,64
64,@BBC,Tue Dec 12 10:46:26 +0000 2017,"RT @bbcmusic: TODAY IS THE DAY ?
@EdSheeran joins @BBCR1 for a festive Live Lounge today from 12pm
Listen to @ClaraAmfo live from 12pm ? ht…",0.4588,0.12,0.88,0.0,65
65,@BBC,Tue Dec 12 10:38:16 +0000 2017,@bbcstories Watch the full story on @BBCiPlayer ? https://t.co/YJEr8AwTW5,0.0,0.0,1.0,0.0,66
66,@BBC,Tue Dec 12 10:33:47 +0000 2017,RT @bbc5live: Former footballer Clarke Carlisle was reported missing by his wife earlier this year and was found safe as he struggled with…,-0.1779,0.105,0.727,0.167,67
67,@BBC,Tue Dec 12 09:43:09 +0000 2017,RT @bbcpress: Duke and Duchess of Cambridge awarded a Gold #BluePeter Badge: https://t.co/an7MZsZyHr @KensingtonRoyal @CBBC https://t.co/uF…,0.4019,0.162,0.838,0.0,68
68,@BBC,Tue Dec 12 09:00:06 +0000 2017,"Is the sea really blue? ?
Variation in sea colour, it turns out, is due to both physics and biology.… https://t.co/QdQWVAJU3A",0.0,0.0,1.0,0.0,69
69,@BBC,Tue Dec 12 08:40:01 +0000 2017,"The amazing story of one daughter, two families a world apart, and a reunion 20 years in the making. ?? Via… https://t.co/ERruKhHI4s",0.5859,0.167,0.833,0.0,70
70,@BBC,Tue Dec 12 08:37:40 +0000 2017,"RT @bbcpress: Danny Boyle directs Banksy’s #Alternativity performance for new @BBCTwo film, to be aired on 17 December: https://t.co/Yz6zoj…",0.0,0.0,1.0,0.0,71
71,@BBC,Tue Dec 12 08:37:09 +0000 2017,"RT @bbcstories: ""My background can never be my weakness.""
The daughters of sex workers, these girls grew up in Mumbai's red light district.…",0.0,0.0,1.0,0.0,72
72,@BBC,Tue Dec 12 08:37:01 +0000 2017,RT @BBC_Teach: SciTube is our brand new Primary Science series exploring the work of the world's most famous scientists through 'vlog-style…,0.0,0.0,1.0,0.0,73
73,@BBC,Tue Dec 12 08:36:40 +0000 2017,"RT @BBCOne: ? @mermhart, @NiallOfficial, Midnight Gameshow AND the most ambitious Unexpected Star surprise ever - it can only be #MichaelMc…",0.6697,0.244,0.756,0.0,74
74,@BBC,Tue Dec 12 08:36:18 +0000 2017,"RT @AboutTheBBC: We're saddened to hear of the passing of Keith Chegwin who was a presenter on Multi-Coloured Swap Shop, Cheggers Plays Pop…",-0.34,0.079,0.787,0.134,75
75,@BBC,Tue Dec 12 08:36:06 +0000 2017,"RT @BBCEarth: “We need to act now and we need to act together"" ?
#BluePlanet2 https://t.co/DcORM5aHkD",0.0,0.0,1.0,0.0,76
76,@BBC,Tue Dec 12 08:20:04 +0000 2017,"If Armageddon hit, and only one human couple was left, would they be enough to repopulate the planet? ??… https://t.co/wGv3fnkENp",0.0,0.0,1.0,0.0,77
77,@BBC,Tue Dec 12 08:00:03 +0000 2017,"The Scottish Crossbill, one of the country's most unique birds, is at threat of extinction. ??
Via @BBCScotland. https://t.co/w5UHkB5y6i",-0.5267,0.0,0.841,0.159,78
78,@BBC,Tue Dec 12 07:38:04 +0000 2017,Frida Kahlo &amp; Diego Rivera painted each other for 25 years. Those works give us an insight into their complex relat… https://t.co/GqYkKAWccJ,0.0,0.0,1.0,0.0,79
79,@BBC,Mon Dec 11 20:00:06 +0000 2017,Seven charts that explain the plastic pollution problem. ? https://t.co/lunEPtp1f1 https://t.co/T4zi0jF6zO,-0.4019,0.0,0.769,0.231,80
80,@BBC,Mon Dec 11 19:30:11 +0000 2017,"?? @Nigella_Lawson decamps to the countryside for her cosiest Christmas yet, against a backdrop of crackling log fi… https://t.co/fwrCQbIE3o",0.0,0.0,1.0,0.0,81
81,@BBC,Mon Dec 11 19:00:03 +0000 2017,??? Care home residents across the UK are decorating their walking frames as part of a project called #PimpMyZimmer… https://t.co/VDZz3ly5oG,0.4939,0.151,0.849,0.0,82
82,@BBC,Mon Dec 11 18:30:06 +0000 2017,"In the last 50,000 years, around 101 billion people have lived &amp; died on planet Earth. So what will we do with all… https://t.co/NpeQCCauhP",-0.5574,0.0,0.865,0.135,83
83,@BBC,Mon Dec 11 18:00:10 +0000 2017,"You might have listened to these songs for years, but do you actually know the lyrics to some on the most well-know… https://t.co/Y0B4avJabB",0.0,0.0,1.0,0.0,84
84,@BBC,Mon Dec 11 17:35:53 +0000 2017,A fictional short story called 'Cat Person' is being shared widely online as social media users discuss how much it… https://t.co/pPfEO5gQHQ,0.34,0.112,0.888,0.0,85
85,@BBC,Mon Dec 11 17:30:01 +0000 2017,"This amateur pianist amazed passers-by in Manchester with his dance music renditions. ?
Via @BBC5Live. https://t.co/tifSk25A6X",0.4939,0.186,0.814,0.0,86
86,@BBC,Mon Dec 11 17:21:48 +0000 2017,"RT @BBCRadio4: Exclusive first preview of the magical Anansi Boys. A little taste of our new @neilhimself drama, coming to you this Christm…",0.128,0.067,0.933,0.0,87
87,@BBC,Mon Dec 11 17:03:13 +0000 2017,"RT @TWBBC: Keith Chegwin, who has died aged 60, demonstrating the latest in baby feeding technology on the 1987 Tomorrow's World Christmas…",-0.5574,0.0,0.854,0.146,88
88,@BBC,Mon Dec 11 17:03:04 +0000 2017,'To infinity and beyond!' ? ? ? Toy Story is available on @BBCiPlayer now.  https://t.co/Nh0nXJd0Pc https://t.co/QngQwVmWzG,0.0,0.0,1.0,0.0,89
89,@BBC,Mon Dec 11 16:58:38 +0000 2017,RT @bbcwritersroom: The Miniaturist begins on @BBCOne on Boxing Day. We spoke to #screenwriter @JohnBrownlow about how he met the challenge…,0.0,0.0,1.0,0.0,90
90,@BBC,Mon Dec 11 16:57:18 +0000 2017,"RT @bbcmusic: ""I’ve poured my heart into my music""
@SelenaGomez popped into @R1Breakfast this morning ?
? https://t.co/hnFjtHhpRW https://t…",0.0,0.0,1.0,0.0,91
91,@BBC,Mon Dec 11 16:43:25 +0000 2017,"RT @CBeebiesHQ: Ready for an early Christmas present? ?

A week filled with NEW Bedtime Stories! ??

Starts tonight with @FloellaBenjamin a…",0.4199,0.128,0.872,0.0,92
92,@BBC,Mon Dec 11 16:14:33 +0000 2017,The nominations for the 75th annual Golden Globe Awards have been announced. Here's the full shortlist. ?… https://t.co/HxpWgQgbI9,0.4588,0.15,0.85,0.0,93
93,@BBC,Mon Dec 11 16:08:53 +0000 2017,Christopher Plummer has been nominated for a Golden Globe for the role in which he replaced Kevin Spacey.… https://t.co/wEaNVH6tcB,0.0,0.0,1.0,0.0,94
94,@BBC,Mon Dec 11 16:00:02 +0000 2017,"Scotland, looking so beautiful under a blanket of ice. ?
Via @BBCScotland. https://t.co/CHUXsO10hF",0.7177,0.333,0.667,0.0,95
95,@BBC,Mon Dec 11 15:54:56 +0000 2017,RT @bbcthree: Someone in the UK watched Bee Movie 357 times on Netflix in 2017 https://t.co/5ovfKX1TIa https://t.co/E8vAQlaEMF,0.0,0.0,1.0,0.0,96
96,@BBC,Mon Dec 11 15:30:07 +0000 2017,? @CalvinHarris is under pressure to remix the Spice Girls classic 2 become 1 after saying he'd do it if same-sex m… https://t.co/vm73kheGdN,-0.296,0.0,0.896,0.104,97
97,@BBC,Mon Dec 11 14:56:13 +0000 2017,"RT @bbcmusic: Watch an exclusive performance of @U2's classic 'All I Want Is You' now on @BBCiPlayer
U2 At The BBC: coming to @BBCOne 19/12…",0.2023,0.113,0.887,0.0,98
98,@BBC,Mon Dec 11 14:51:53 +0000 2017,"RT @bbcthree: ""THIS IS WHAT HAPPENS WHEN YOU CHUCK YOUR PLASTIC BAGS IN THE SEA"" 

@kuruptfm on #BluePlanet2. https://t.co/Icp7ZM6lxC",0.0,0.0,1.0,0.0,99
99,@BBC,Mon Dec 11 14:44:09 +0000 2017,"Veteran TV presenter Keith Chegwin has died aged 60 after a long illness, his family says. ???… https://t.co/BIjMIDsjGF",-0.743,0.0,0.704,0.296,100
100,@CBS,Wed Dec 13 23:20:01 +0000 2017,"So close, yet so far away. Which #Survivor Castaways Will Earn Their Spot In The Final Five? More:… https://t.co/efeBVa4p26",0.0,0.0,1.0,0.0,1
101,@CBS,Wed Dec 13 18:56:58 +0000 2017,RT @BandB_CBS: Take a walk down #BoldandBeautiful memory lane! RT your favorite #Steam moment. https://t.co/kxeD2br8Tc,0.5093,0.202,0.798,0.0,2
102,@CBS,Tue Dec 12 20:34:16 +0000 2017,"RT @thegoodfight: Court is back in session. Season 2 of #TheGoodFight premieres March 4, exclusively on CBS All Access: https://t.co/Niu5a8…",0.0,0.0,1.0,0.0,3
103,@CBS,Tue Dec 12 19:31:42 +0000 2017,?? Happy holidays from CBS! ??  #fullbobble https://t.co/Xef9fKoPTv,0.7644,0.524,0.476,0.0,4
104,@CBS,Tue Dec 12 19:04:59 +0000 2017,Only two weeks until The 40th Annual Kennedy Center Honors air on December 26! Look back on four decades of inspiri… https://t.co/z4J8sfs55V,0.5562,0.146,0.854,0.0,5
105,@CBS,Tue Dec 12 17:13:52 +0000 2017,"Mark your calendars! The 53rd Academy Of Country Music Awards will air Sunday, April 15 on CBS!… https://t.co/yYPc5rCiMW",0.555,0.174,0.826,0.0,6
106,@CBS,Mon Dec 11 21:29:33 +0000 2017,The search is on to find the pro football player with the best off-the-field talent! Vote for your favorite perform… https://t.co/musmVXrRJz,0.8832,0.364,0.636,0.0,7
107,@CBS,Mon Dec 11 19:05:21 +0000 2017,RT @MadamSecretary: No D.C. holiday party is complete without some political persuasion and a covert sting to bust a corrupt senator. ??? S…,0.4939,0.211,0.703,0.086,8
108,@CBS,Mon Dec 11 00:26:50 +0000 2017,"Due to NFL overrun, CBS is delayed 8 mins in the following ET &amp; CT markets: Hunstville, AL, Bowling Green, KY, MS,… https://t.co/gbwhgooEQd",-0.2263,0.0,0.917,0.083,9
109,@CBS,Mon Dec 11 00:25:54 +0000 2017,"Due to NFL overrun CBS is delayed 7 mins in the following ET &amp; CT markets Tampa, Chicago, Maryland, Michigan, Wash… https://t.co/driVgCiX7D",-0.2263,0.0,0.913,0.087,10
110,@CBS,Sun Dec 10 22:49:02 +0000 2017,"RT @NoActivityCBS: If you want the intel, you get the tickles. ? Stream the first 5 episodes of #NoActivity now: https://t.co/Wzq9bVOhGN ht…",0.0772,0.064,0.936,0.0,11
111,@CBS,Sun Dec 10 22:48:46 +0000 2017,RT @startrekcbs: .@albinokid and @wcruz73 are breaking new ground in #StarTrekDiscovery. ???? Stream chapter 1 on CBS All Access: https://t…,0.0,0.0,1.0,0.0,12
112,@CBS,Sat Dec 09 18:24:37 +0000 2017,Don’t miss America’s Game! Stream the Army-Navy game LIVE today at 3PM ET with a FREE trial of #CBSAllAccess:… https://t.co/38udnQj2vs,0.5754,0.189,0.742,0.07,13
113,@CBS,Sat Dec 09 01:11:51 +0000 2017,"There's still time before we have to say so long! Catch up with Carol Burnett, her original castmates and special g… https://t.co/WTiK8dzaXO",0.6476,0.209,0.791,0.0,14
114,@CBS,Fri Dec 08 23:35:41 +0000 2017,RT @bigbangtheory: It's the biggest best friend breakup of the year... ? Stream the latest full episode of #BigBangTheory: https://t.co/iIw…,0.8126,0.303,0.697,0.0,15
115,@CBS,Thu Dec 07 18:23:03 +0000 2017,"RT @AmazingRaceCBS: Presenting... the 30th cast of the #AmazingRace! Made up of champions and winners, this is quite literally the most com…",0.7777,0.254,0.746,0.0,16
116,@CBS,Thu Dec 07 12:07:06 +0000 2017,Do you know all the nominees for Song Of The Year? Get familiar with this year's GRAMMY® Award nominees ahead of Mu… https://t.co/I6hhOtfQjb,0.5423,0.137,0.863,0.0,17
117,@CBS,Wed Dec 06 17:32:28 +0000 2017,"A new Twilight Zone original series is coming exclusively to CBS All Access in association with @JordanPeele,… https://t.co/fVYnhUASee",0.3182,0.126,0.874,0.0,18
118,@CBS,Tue Dec 05 19:21:31 +0000 2017,RT @SuperiorDonuts: You'll want to check this box! ?? Stream the latest episode of #SuperiorDonuts: https://t.co/h1xhKLCAPl https://t.co/d8…,0.1511,0.09,0.91,0.0,19
119,@CBS,Tue Dec 05 19:14:00 +0000 2017,RT @YoungSheldon: Wondering what it's like behind the scenes of #YoungSheldon? Let star @OfficialRaeganR take you on a tour of the set! htt…,0.4199,0.117,0.883,0.0,20
120,@CBS,Tue Dec 05 00:54:16 +0000 2017,The Kennedy Center Honors recognizes the lifetime contributions of all types of performance artists. Watch the 40th… https://t.co/azF3rW2ptw,0.5106,0.163,0.837,0.0,21
121,@CBS,Tue Dec 05 00:03:06 +0000 2017,RT @YoungSheldon: There's something @elonmusk never told you about @spacex's Falcon 9. ?  #YoungSheldon https://t.co/bu3W0IC8zN,0.0,0.0,1.0,0.0,22
122,@CBS,Mon Dec 04 20:52:31 +0000 2017,"Just like old times, Carol Burnett bumps up the lights and answers questions from the audience. Catch up on The Car… https://t.co/9r7WI8d1tZ",0.3612,0.106,0.894,0.0,23
123,@CBS,Mon Dec 04 19:22:07 +0000 2017,Star comedian @JimCarrey gets emotional when he expresses his heartfelt thanks to Carol Burnett for her positive in… https://t.co/5QCejBcg5T,0.9217,0.504,0.496,0.0,24
124,@CBS,Mon Dec 04 07:14:06 +0000 2017,Take a trip down memory lane with Carol Burnett for a special tribute you'll never forget. Catch up on The Carol Bu… https://t.co/XBINDav614,0.5213,0.187,0.813,0.0,25
125,@CBS,Mon Dec 04 03:02:00 +0000 2017,"RT @JLawlorNY: So, ok...maybe I'm crying at at the #CarolBurnett50 finale with everyone singing her theme song! #ImSoGladWeHadThisTimeToget…",-0.5655,0.0,0.823,0.177,26
126,@CBS,Mon Dec 04 03:01:09 +0000 2017,RT @junerenee: A true classic and favorite!! Love #CarolBurnett50 laughed and cried...just like before!,0.9466,0.672,0.328,0.0,27
127,@CBS,Mon Dec 04 02:51:35 +0000 2017,RT if you’ve loved reliving these classic moments during #CarolBurnett50 https://t.co/I1tIWeSlsQ,0.5994,0.281,0.719,0.0,28
128,@CBS,Mon Dec 04 02:49:27 +0000 2017,RT @Mom101: I can't tell you the joy of seeing my 10yo laughing at this. Especially the Tim Conway dentist sketch.  #CarolBurnett50,0.7906,0.269,0.731,0.0,29
129,@CBS,Mon Dec 04 02:47:39 +0000 2017,"RT @AdeleAndMike: Thank You for bringing back such wonderful memories, the entire family would gather to watch, and we would then laugh abo…",0.8689,0.329,0.671,0.0,30
130,@CBS,Mon Dec 04 02:43:14 +0000 2017,RT @tessab13: The Siamese Elephants skit on the Carol Burnett show is such a classic and possibly my favorite. Loved Tim Conway! #CarolBurn…,0.8016,0.264,0.736,0.0,31
131,@CBS,Mon Dec 04 02:26:30 +0000 2017,RT @inezpanebianco: @OfficialBPeters and Carol Burnett reminiscing back on the carol burnett show is my idea of a perfect night ?? #CarolBu…,0.5719,0.156,0.844,0.0,32
132,@CBS,Mon Dec 04 02:22:42 +0000 2017,"What a performance by @OfficialBPeters, @KChenoweth, Carol Burnett, Steve Lawrence, and @StephenAtHome!… https://t.co/DqewQ6ASQp",0.0,0.0,1.0,0.0,33
133,@CBS,Mon Dec 04 02:12:59 +0000 2017,RT @jonjeffryes: Bob Mackie created 65 costumes a week for The Carol Burnett Show #CarolBurnett50,0.25,0.133,0.867,0.0,34
134,@CBS,Mon Dec 04 01:56:26 +0000 2017,RT @bmayberry92: Steve Carell with that video submission though! ? #carolburnett50,0.0,0.0,1.0,0.0,35
135,@CBS,Mon Dec 04 01:55:44 +0000 2017,She’s still got it! #CarolBurnett50 https://t.co/zTxZc5zrqP,0.0,0.0,1.0,0.0,36
136,@CBS,Mon Dec 04 01:43:24 +0000 2017,RT @BobMackie: Our friend Tim Conway never failed to make us laugh #CarolBurnett50,0.8591,0.487,0.513,0.0,37
137,@CBS,Mon Dec 04 01:33:37 +0000 2017,RT @bpeters99: #CarolBurnett50  Am I the Only one with tears in my eyes while I give a standing ovation from my couch? One of the most bril…,-0.2263,0.0,0.924,0.076,38
138,@CBS,Mon Dec 04 01:24:51 +0000 2017,RT @SuperJen1117: This show is awesome...Some of the funniest women together on one stage ???? #CarolBurnett50,0.5574,0.194,0.806,0.0,39
139,@CBS,Mon Dec 04 01:13:30 +0000 2017,These two are just like sisters ?? #CarolBurnett50 https://t.co/EPpyf2kOuV,0.3612,0.238,0.762,0.0,40
140,@CBS,Mon Dec 04 01:11:57 +0000 2017,RT @chattie: Watching #carolburnett50  can’t quit smiling. Brings me memories of watching on Saturday nights with my mom and grandma.,0.4588,0.136,0.864,0.0,41
141,@CBS,Mon Dec 04 01:05:31 +0000 2017,RT @DanRocks98: Settling in for the #CarolBurnett50 special. This lady is comedy gold! A true staple of my childhood.,0.807,0.356,0.644,0.0,42
142,@CBS,Mon Dec 04 01:00:09 +0000 2017,She’s back! Tune in now to see The Carol Burnett 50th Anniversary Special on CBS and CBS All Access. #CarolBurnett50 https://t.co/HhvRmT5AR0,0.4574,0.13,0.87,0.0,43
143,@CBS,Mon Dec 04 00:25:16 +0000 2017,"Due to #NFL football overrun #CBS is delayed 11 min in: 
Atlanta 
Baltimore 
Columbus
Cleveland 
Toledo
Detroit
Fli… https://t.co/oCkn11yJOR",-0.2263,0.0,0.905,0.095,44
144,@CBS,Sun Dec 03 20:00:02 +0000 2017,Relive the laughter and the magic in this star-studded tribute to everyone's favorite classic comedy show. Don't mi… https://t.co/WV6jxBnRAt,0.8271,0.352,0.648,0.0,45
145,@CBS,Sun Dec 03 18:44:14 +0000 2017,"Tonight, spend an evening together with Carol Burnett and celebrity friends as they celebrate The Carol Burnett 50t… https://t.co/uH2uM9cJFS",0.7783,0.286,0.714,0.0,46
146,@CBS,Sun Dec 03 17:32:01 +0000 2017,Carol Burnett credits the close-knit cast for the success of her show. Join her and original cast members Vicki Law… https://t.co/1rlNPUS5EJ,0.8658,0.386,0.614,0.0,47
147,@CBS,Sun Dec 03 13:00:04 +0000 2017,Carol Burnett and friends reflect on how the show became an instant classic that's still celebrated today! Join the… https://t.co/lZgVz9XSyM,0.8516,0.353,0.647,0.0,48
148,@CBS,Sun Dec 03 12:00:01 +0000 2017,"Tonight, celebrate with Carol Burnett, Vicki Lawrence, Lyle Waggoner &amp; more special guests! Find out how to watch T… https://t.co/Rhm6RJ34u2",0.7897,0.28,0.72,0.0,49
149,@CBS,Sat Dec 02 15:55:39 +0000 2017,Stream Indiana at Michigan LIVE today at 12:30PM ET with a 1-month FREE trial of #CBSAllAccess. Just use promo code… https://t.co/xRem3zSyEQ,0.6166,0.175,0.825,0.0,50
150,@CBS,Sat Dec 02 14:30:03 +0000 2017,Kristin Chenoweth (@KChenoweth) explains why audiences still crave Carol Burnett! Don't miss The Carol Burnett 50th… https://t.co/kM92NTtTfs,0.1867,0.098,0.902,0.0,51
151,@CBS,Sat Dec 02 13:00:07 +0000 2017,"Catch up on this amazing lineup of music specials! Here's how to watch Bruno Mars: 24K Magic Live at the Apollo, Th… https://t.co/Jit2CzZJCY",0.6996,0.179,0.821,0.0,52
152,@CBS,Sat Dec 02 12:00:03 +0000 2017,Missed Bruno Mars: 24K Magic Live at the Apollo? Keep up! Watch the full show: https://t.co/itXpGB5gRm #BrunoMars https://t.co/8yyQlC1LML,-0.3595,0.0,0.872,0.128,53
153,@CBS,Fri Dec 01 22:43:05 +0000 2017,Reminisce with these classic photos and get ready to relive the magic when The Carol Burnett 50th Anniversary Speci… https://t.co/yJQEzCjoSA,0.3612,0.116,0.884,0.0,54
154,@CBS,Fri Dec 01 22:15:28 +0000 2017,"RT @LivinBiblically: In the beginning, there was Chip. And lo! Chip had a revelation. #LivingBiblically is a new comedy premiering Monday,…",0.4199,0.134,0.866,0.0,55
155,@CBS,Fri Dec 01 21:00:12 +0000 2017,"Discover these pro football stars' off-the-field talents in MVP: Most Valuable Performer, airing Jan 25 on CBS! Fin… https://t.co/g8jSRW8mQf",0.7707,0.282,0.718,0.0,56
156,@CBS,Fri Dec 01 20:17:18 +0000 2017,"Find out when #BigBrother celebrity edition, #AmazingRace, #Survivor, new drama @instinctcbs and new comedy… https://t.co/4Psl74zcCB",0.0,0.0,1.0,0.0,57
157,@CBS,Fri Dec 01 19:32:18 +0000 2017,Actress @BethBehrs explains why Carol Burnett is her hero! Celebrate her lasting influence with The Carol Burnett 5… https://t.co/Lnt5P9jEu0,0.8221,0.309,0.691,0.0,58
158,@CBS,Fri Dec 01 18:40:34 +0000 2017,"RT @instinctcbs: New drama #Instinct, starring @Alancumming, premieres Sunday, March 11 on @CBS! https://t.co/aaL0JXpqav",0.0,0.0,1.0,0.0,59
159,@CBS,Fri Dec 01 18:16:37 +0000 2017,"RT @AmazingRaceCBS: On your marks... #AmazingRace returns Wednesday, January 3! https://t.co/XMSJSUymUZ",0.0,0.0,1.0,0.0,60
160,@CBS,Fri Dec 01 18:10:11 +0000 2017,RT @CBSBigBrother: Mark. Your. Calendars. The celebrity edition of #BigBrother premieres February 7! https://t.co/nP3Do6jTwM,0.0,0.0,1.0,0.0,61
161,@CBS,Fri Dec 01 14:00:04 +0000 2017,The Angels await you... catch up on the world's most celebrated fashion show now! Watch the full 2017… https://t.co/xfYDbEzpfX,0.6893,0.251,0.749,0.0,62
162,@CBS,Fri Dec 01 12:00:03 +0000 2017,"Comedy stars Amy Poehler, Bill Hader, @MayaRudolph &amp; @TraceeEllisRoss give the legendary Tarzan yell a try- but no… https://t.co/lrrHE2f9Nv",0.1901,0.093,0.907,0.0,63
163,@CBS,Fri Dec 01 01:31:30 +0000 2017,Action-adventure series 'Blood &amp; Treasure' has been picked up for broadcast in Summer 2019: https://t.co/gAjqbF5bYh https://t.co/3cTBH9AKFI,0.296,0.128,0.872,0.0,64
164,@CBS,Thu Nov 30 21:10:19 +0000 2017,Carol Burnett visited @TheTalkCBS to discuss how she got her start in show business! Watch The Carol Burnett 50th A… https://t.co/EyqmFWZHEC,0.0,0.0,1.0,0.0,65
165,@CBS,Thu Nov 30 20:54:39 +0000 2017,"The world's most beloved fairy tales are reimagined as a dark &amp; twisted psychological thriller in ""Tell Me A Story,… https://t.co/CytIswrRj1",0.6115,0.227,0.773,0.0,66
166,@CBS,Thu Nov 30 17:40:02 +0000 2017,RT @RansomCBS: #Ransom star @luke_j_roberts on set in Budapest for Season 2! https://t.co/rgC5ylqSMp,0.0,0.0,1.0,0.0,67
167,@CBS,Thu Nov 30 17:30:05 +0000 2017,Comic @JayLeno reflects on the major impression Carol Burnett left on him. Celebrate The Carol Burnett 50th Anniver… https://t.co/PIakndHJt1,0.6808,0.248,0.752,0.0,68
168,@CBS,Thu Nov 30 15:00:05 +0000 2017,"Watch #BrunoMars perform ""That's What I Like"" in Bruno Mars: 24K Magic Live at the Apollo: https://t.co/hAFcB9HpE3 https://t.co/I7ZWHdDYCP",0.3612,0.135,0.865,0.0,69
169,@CBS,Thu Nov 30 12:00:03 +0000 2017,"Watch #BrunoMars perform ""24K Magic"" in Bruno Mars: 24K Magic Live at the Apollo: https://t.co/UgD4fC5cS6 https://t.co/iTGKJSbjwY",0.0,0.0,1.0,0.0,70
170,@CBS,Thu Nov 30 07:52:09 +0000 2017,Missed Bruno Mars: 24K Magic Live at the Apollo Theater? Keep up! Watch the full show: https://t.co/itXpGB5gRm… https://t.co/nkRMIUd2Df,-0.3595,0.0,0.872,0.128,71
171,@CBS,Thu Nov 30 04:09:55 +0000 2017,RT @CWatkinsTV: That. Was. Amazing! #BrunoMars,0.6239,0.45,0.55,0.0,72
172,@CBS,Thu Nov 30 04:00:27 +0000 2017,The stage is ?? #BrunoMars https://t.co/nykrDH46Bs,0.0,0.0,1.0,0.0,73
173,@CBS,Thu Nov 30 03:59:09 +0000 2017,RT @anitakearney65: I could watch this all night #Brunomars #BrunosTvSpecial so much fun to watch OMG,0.5542,0.204,0.796,0.0,74
174,@CBS,Thu Nov 30 03:55:37 +0000 2017,Everybody put your hands up! #BrunoMars https://t.co/jU7NyttAqv,0.0,0.0,1.0,0.0,75
175,@CBS,Thu Nov 30 03:51:38 +0000 2017,RT @Sara_nurse: My 2yr old niece heard @BrunoMars and is now up singing and dancing #BrunosTVSpecial #BrunoMars,0.0,0.0,1.0,0.0,76
176,@CBS,Thu Nov 30 03:44:54 +0000 2017,"RT @AllieNY86: His voice is mesmerizing 
#BrunoMars",0.0,0.0,1.0,0.0,77
177,@CBS,Thu Nov 30 03:37:13 +0000 2017,RT @BrunoMars: We love you MARY!!!! ?? #BrunosTvSpecial,0.7482,0.434,0.566,0.0,78
178,@CBS,Thu Nov 30 03:35:13 +0000 2017,RT @RDMichelleLNK: Loving a dose of #BrunoMars midweek. So amazing!,0.8513,0.542,0.458,0.0,79
179,@CBS,Thu Nov 30 03:33:32 +0000 2017,We’re only halfway into the show. Get ready for more of your favorite #BrunoMars tunes! https://t.co/BJh0PeX864,0.7232,0.302,0.698,0.0,80
180,@CBS,Thu Nov 30 03:23:03 +0000 2017,"When #BrunoMars tells you to pick up the phone, that’s exactly what you do. https://t.co/JZDS26h3lL",0.0,0.0,1.0,0.0,81
181,@CBS,Thu Nov 30 03:11:31 +0000 2017,RT @MargoSlade: Best way to relax after a hard day of work watching #BrunoMars on #BrunosTVSpecial my heart is the happiest,0.8979,0.394,0.557,0.049,82
182,@CBS,Thu Nov 30 03:09:54 +0000 2017,RT @Tiffany48184: Now that's how you open up a show!!!!! #BrunoMars,0.0,0.0,1.0,0.0,83
183,@CBS,Thu Nov 30 03:07:20 +0000 2017,RT if you’re ready to party with #BrunoMars!! https://t.co/o4qQoKOzgH,0.6988,0.452,0.548,0.0,84
184,@CBS,Thu Nov 30 03:06:38 +0000 2017,RT @BrunoMars: POP POP!!?? everyone tweet #BrunosTvSpecial! We on!!!! ?,0.0,0.0,1.0,0.0,85
185,@CBS,Thu Nov 30 03:03:15 +0000 2017,RT @Queentassia14: Bruno Mars Live at the Apollo!!!! Yeah I have to wake up at like 4 am for work.... but it's worth it. #BrunoMars #Brunos…,0.7067,0.246,0.754,0.0,86
186,@CBS,Thu Nov 30 03:02:34 +0000 2017,RT @asbstar30: BRUNO #BrunoMars,0.0,0.0,1.0,0.0,87
187,@CBS,Thu Nov 30 02:59:59 +0000 2017,"Get on your feet, and prepare to dance. #BrunoMars is hitting the stage! https://t.co/yOyq8JlMZj",0.0,0.0,1.0,0.0,88
188,@CBS,Thu Nov 30 02:45:03 +0000 2017,"Pop pop, it's showtime! Bruno Mars: 24K Magic Live at the Apollo starts at 10/9c on CBS, or try 1 month FREE of CBS… https://t.co/cpCSYDKieM",0.6514,0.158,0.842,0.0,89
189,@CBS,Thu Nov 30 00:06:05 +0000 2017,Calling all Bruno Mars' lovelies... don't miss Bruno Mars: 24K Magic Live at the Apollo tonight @ 10/9c on CBS &amp; CB… https://t.co/nGOgukLMx9,0.1139,0.064,0.936,0.0,90
190,@CBS,Wed Nov 29 23:20:13 +0000 2017,You'll treasure this special night with #BrunoMars! Find out how to watch Bruno Mars: 24K Magic Live at the Apollo… https://t.co/qF2eRcJLSJ,0.6825,0.228,0.772,0.0,91
191,@CBS,Wed Nov 29 23:15:24 +0000 2017,RT @BrunoMars: Ladies put your hoops on tonight! Fellas break out that good cologne! #BrunosTvSpecial is airing on @CBS! What y’all trynna…,0.5826,0.152,0.848,0.0,92
192,@CBS,Wed Nov 29 23:14:57 +0000 2017,RT @YoungSheldon: Sheldon will do whatever it takes to get his hands on his own computer in tomorrow's all-new episode of #YoungSheldon! ht…,0.0,0.0,1.0,0.0,93
193,@CBS,Wed Nov 29 23:13:40 +0000 2017,RT @survivorcbs: What drama will ensue on back-to-back episodes of #Survivor tonight? Watch a sneak peek now: https://t.co/LHcxyClSw1 https…,0.0,0.0,1.0,0.0,94
194,@CBS,Wed Nov 29 22:34:56 +0000 2017,Discover every reason why #BrunoMars is 24K Magic! Watch Bruno Mars: 24K Magic Live at the Apollo tonight @ 10/9c o… https://t.co/oaPjvl3rSW,0.0,0.0,1.0,0.0,95
195,@CBS,Wed Nov 29 21:07:33 +0000 2017,Did you catch these tiny moments during the 2017 Victoria's Secret Fashion Show? Find out what you may have missed:… https://t.co/IIyupot9uU,0.0,0.0,1.0,0.0,96
196,@CBS,Wed Nov 29 20:41:13 +0000 2017,RT @funnyordie: Live! Watch Tim Meadows and Patrick Brammall of @NoActivityCBS play themselves in new 8-bit video game! https://t.co/nXCuHO…,0.4559,0.142,0.858,0.0,97
197,@CBS,Wed Nov 29 15:00:07 +0000 2017,The 'Only Angel' @Harry_Styles saw last night were the ones on the runway! Watch him perform at the #VSFashionShow:… https://t.co/na8GAiZwmS,0.0,0.0,1.0,0.0,98
198,@CBS,Wed Nov 29 12:00:06 +0000 2017,This entire collection is drop-dead gorgeous. See all the most sizzling looks from the 2017 #VSFashionShow:… https://t.co/zpTKXcm05r,0.6124,0.2,0.8,0.0,99
199,@CBS,Wed Nov 29 09:09:48 +0000 2017,"Stars @Miguel, @Harry_Styles, @leslieodomjr &amp; more set the tone for a truly incredible show! Watch all the musical… https://t.co/kmo4l3aGai",0.4926,0.158,0.842,0.0,100
200,@CNN,Thu Dec 14 04:55:05 +0000 2017,Members of Parliament have voted in favor of lawmakers approving the final Brexit deal and the UK's withdrawal from… https://t.co/FyQtgDlYOP,0.4215,0.174,0.826,0.0,1
201,@CNN,Thu Dec 14 04:48:12 +0000 2017,"Lisa McNair's sister was killed in the '63 Alabama Baptist Church bombing. Years later, then a US attorney, Doug Jo… https://t.co/7CiUn1agLm",-0.6705,0.0,0.809,0.191,2
202,@CNN,Thu Dec 14 04:46:06 +0000 2017,Credit card debt is on the rise. American households now pay an average of $904 a year in interest alone.… https://t.co/RLNnOy7SA6,0.4019,0.22,0.627,0.153,3
203,@CNN,Thu Dec 14 04:32:16 +0000 2017,"The window of a US Marine Corps helicopter fell off mid-flight onto a school playing field, slightly injuring a chi… https://t.co/rUE6n8tomi",0.2023,0.096,0.904,0.0,4
204,@CNN,Thu Dec 14 04:31:11 +0000 2017,These charts help to explain how Alabama elected a Democrat to the US Senate for the first time in 25 years… https://t.co/fB7bUOHwO6,0.4019,0.119,0.881,0.0,5
205,@CNN,Thu Dec 14 04:21:55 +0000 2017,"Alabama Senate candidate Roy Moore releases a new video statement, does not concede to Doug Jones… https://t.co/sZ9m8rIEdD",0.0,0.0,1.0,0.0,6
206,@CNN,Thu Dec 14 04:16:04 +0000 2017,These films are among the 25 additions this year to the National Film Registry of the US Library of Congress… https://t.co/XrSzttToZv,0.0,0.0,1.0,0.0,7
207,@CNN,Thu Dec 14 04:11:40 +0000 2017,"RT @CNNTonight: Alabama Senate candidate Roy Moore releases a new video statement, does not concede to Doug Jones https://t.co/LGeTyUu0MK h…",0.0,0.0,1.0,0.0,8
208,@CNN,Thu Dec 14 04:11:04 +0000 2017,"The White House and State Department both stated that the US is not ready to begin talks with North Korea, a day af… https://t.co/QV6ZgN0gCD",-0.2755,0.0,0.912,0.088,9
209,@CNN,Thu Dec 14 04:01:04 +0000 2017,Three Florida men seen in a viral video laughing and smiling as a shark gets dragged behind a high-speed boat have… https://t.co/KToLJD1Dto,0.7184,0.265,0.684,0.051,10
210,@CNN,Thu Dec 14 04:00:20 +0000 2017,"RT @OutFrontCNN: Omarosa Manigault - no longer a part of Donald Trump's White House. So, how did it all go down? April Ryan shares her insi…",0.0,0.083,0.833,0.083,11
211,@CNN,Thu Dec 14 03:46:06 +0000 2017,Target buys Shipt for $550 million with an eye on Amazon's push into same-day delivery https://t.co/yZPU8m4VkE https://t.co/gdIbqcfPWN,0.0,0.0,1.0,0.0,12
212,@CNN,Thu Dec 14 03:41:41 +0000 2017,How US and Asian democracies can counter China | @marcorubio writes for @CNNOpinion  https://t.co/VJuOSVUAoY https://t.co/4D4ZDAcdap,0.0,0.0,1.0,0.0,13
213,@CNN,Thu Dec 14 03:41:33 +0000 2017,RT @AC360: “The tweet that he did on Kirsten was really beyond the pale” - Sen. Mazie Hirono tells Anderson Cooper that President Trump's s…,0.0,0.0,1.0,0.0,14
214,@CNN,Thu Dec 14 03:32:32 +0000 2017,"""Your son Beau had the same cancer that my father was diagnosed with six months ago,"" Meghan McCain said to Joe Bid… https://t.co/C56mbcftyY",-0.6597,0.0,0.833,0.167,15
215,@CNN,Thu Dec 14 03:16:08 +0000 2017,"Margaret Mary Basco died on June 9, 2017. She's one of more than a million Americans, both dead and alive, whose id… https://t.co/yosUOcq70o",-0.743,0.088,0.644,0.268,16
216,@CNN,Thu Dec 14 03:03:22 +0000 2017,Chinese daredevil falls from roof top in the city of Changsha. But who is to blame? https://t.co/Sjt0Q6wCJ7 https://t.co/WSUxzDASwQ,-0.0258,0.159,0.725,0.116,17
217,@CNN,Thu Dec 14 03:01:08 +0000 2017,"The GOP doesn't want a shutdown, but no one can say how the showdown ends https://t.co/vTLmeIVML6 https://t.co/zvZhdhNhJ4",-0.4425,0.0,0.782,0.218,18
218,@CNN,Thu Dec 14 02:46:04 +0000 2017,How black voters boosted Doug Jones to a win in Alabama https://t.co/YhtnlXkYzx https://t.co/tDR6mMpV0m,0.743,0.387,0.613,0.0,19
219,@CNN,Thu Dec 14 02:32:23 +0000 2017,Heading to South Korea for the Pyeongchang Winter Olympics but a bit concerned about any potential language barrier… https://t.co/g67sktlHFB,0.0,0.0,1.0,0.0,20
220,@CNN,Thu Dec 14 02:25:36 +0000 2017,"Sen. Bernie Sanders has joined the list of lawmakers calling on President Trump to resign, citing the multiple alle… https://t.co/WLQnGy1QLB",-0.34,0.0,0.888,0.112,21
221,@CNN,Thu Dec 14 02:05:49 +0000 2017,"Stuart Stevens, former Mitt Romney campaign adviser, says the combination of Roy Moore and Steve Bannon was ""partic… https://t.co/J5esxl33iU",0.0,0.0,1.0,0.0,22
222,@CNN,Thu Dec 14 02:03:11 +0000 2017,"Bernie Sanders on the tax bill push: ""They are moving this at lightning speed because they don't want the American… https://t.co/T2RgouM7dN",-0.0572,0.0,0.942,0.058,23
223,@CNN,Thu Dec 14 01:45:36 +0000 2017,"Bernie Sanders on Donald Trump: ""Do I think the President should resign? I do. Do I think he will? I don't. But yes… https://t.co/R8sDkiXqQR",-0.4137,0.0,0.873,0.127,24
224,@CNN,Thu Dec 14 01:35:17 +0000 2017,"""Everybody knows exactly what he meant"": Bernie Sanders describes President Trump's tweet about Sen. Gillibrand as… https://t.co/XCO5WZD1OC",0.0,0.0,1.0,0.0,25
225,@CNN,Thu Dec 14 01:28:57 +0000 2017,"Bernie Sanders on Doug Jones' win: “Against all of the odds, Jones won because there was a very, very large turnout… https://t.co/Lj1hptFUA3",0.8176,0.283,0.717,0.0,26
226,@CNN,Thu Dec 14 01:24:42 +0000 2017,CNN's Anderson Cooper looks at President Trump's response to the Alabama Senate race https://t.co/lmjs1Tie15 https://t.co/m7k8u6h27f,0.0,0.0,1.0,0.0,27
227,@CNN,Thu Dec 14 01:12:46 +0000 2017,RT @OutFrontCNN: Democrat Rep. Jerrold Nadler: GOP trying to lay groundwork to fire Mueller https://t.co/YedhWTiZ32,-0.34,0.0,0.854,0.146,28
228,@CNN,Thu Dec 14 01:07:07 +0000 2017,"PBS has suspended distribution of Tavis Smiley's show amid ""troubling allegations"" against the host… https://t.co/qOkGAhzEar",-0.765,0.0,0.663,0.337,29
229,@CNN,Thu Dec 14 01:04:42 +0000 2017,Exclusive: A former senior aide to Rep. Blake Farenthold describes new details of the congressman’s abusive behavio… https://t.co/11k7f99RcR,-0.5719,0.072,0.725,0.203,30
230,@CNN,Thu Dec 14 01:04:08 +0000 2017,"The Senate race that unfolded might be a political case study in Murphy's Law: whatever could go wrong, did.

This… https://t.co/ws1Z54G8Og",-0.4767,0.0,0.86,0.14,31
231,@CNN,Thu Dec 14 00:57:04 +0000 2017,"The US will provide Lebanon with a military aid package valued at over $120 million, the US ambassador to Lebanon a… https://t.co/LFWK7QfaDO",0.4404,0.127,0.873,0.0,32
232,@CNN,Thu Dec 14 00:50:22 +0000 2017,"RT @CNNSitRoom: Joe Manchin on Robert Mueller: “I would hope to think he’s safe, if not, then pardon the expression, all hell would break l…",-0.193,0.174,0.629,0.197,33
233,@CNN,Thu Dec 14 00:42:53 +0000 2017,A small group of House Democrats have formed an informal task force on sexual harassment https://t.co/HIUI2iC7XF https://t.co/1ykVQJR5q7,-0.5423,0.0,0.811,0.189,34
234,@CNN,Thu Dec 14 00:41:53 +0000 2017,RT @cnnireport: The Geminid meteor shower is peaking tonight between 7:30 p.m. and 4 a.m. local time. See the show in the sky? Share your i…,0.296,0.084,0.916,0.0,35
235,@CNN,Thu Dec 14 00:38:24 +0000 2017,"Democrats want Sen.-elect Doug Jones to be seated before the tax vote. In 2010, Donald Trump supported letting newl… https://t.co/XtC2ZSFPGL",0.3818,0.167,0.833,0.0,36
236,@CNN,Thu Dec 14 00:15:13 +0000 2017,Exclusive: A former senior aide to Rep. Blake Farenthold describes new details of the congressman’s abusive behavio… https://t.co/yZFOZRe7Hc,-0.5719,0.072,0.725,0.203,37
237,@CNN,Thu Dec 14 00:06:48 +0000 2017,"British Prime Minister Theresa May has lost a key vote on the EU Withdrawal bill, her first serious parliamentary B… https://t.co/ObvOzOazNv",-0.3612,0.051,0.783,0.166,38
238,@CNN,Wed Dec 13 23:59:31 +0000 2017,"John McCain calls out Trump for his anti-media remarks, saying the President ""must understand his harmful rhetoric… https://t.co/beIB1lI3vY",0.0,0.0,1.0,0.0,39
239,@CNN,Wed Dec 13 23:50:11 +0000 2017,Recent anti-Muslim rhetoric from President Trump and administration policies such as the travel ban are making coun… https://t.co/2tucTlXUbW,-0.5574,0.0,0.825,0.175,40
240,@CNN,Wed Dec 13 23:45:12 +0000 2017,"Why President Trump's ""giant tax cut"" for the middle class is less than advertised https://t.co/q22lZbJhF9 https://t.co/rB51UwElp9",-0.2732,0.0,0.877,0.123,41
241,@CNN,Wed Dec 13 23:37:05 +0000 2017,"Sen. Joe Manchin on the tax bill push: ""We don't have a crisis on our hands. The market's stronger than ever. ... W… https://t.co/U0V4myXbmP",0.709,0.219,0.781,0.0,42
242,@CNN,Wed Dec 13 23:33:42 +0000 2017,Salma Hayek is breaking her silence about Harvey Weinstein in a New York Times op-ed detailing sexual harassment an… https://t.co/V5ieU0eZG2,-0.5423,0.0,0.837,0.163,43
243,@CNN,Wed Dec 13 23:33:17 +0000 2017,"Sen. Joe Manchin on the tax bill: There were 15 Democrats who wanted to be a part of this, but ""it was designed not… https://t.co/WcIj1ltx1V",0.0,0.0,1.0,0.0,44
244,@CNN,Wed Dec 13 23:23:07 +0000 2017,"Sen. Joe Manchin on the Doug Jones win: ""I just told Doug to be an Alabama Democrat. You don't have to be a Washing… https://t.co/fdjdjEiJB6",0.5859,0.142,0.858,0.0,45
245,@CNN,Wed Dec 13 23:20:18 +0000 2017,A House Democrat stunned lawmakers when she suggested female lawmakers were inviting unwanted advances because of t… https://t.co/z8aQkuCSDs,0.0,0.117,0.714,0.168,46
246,@CNN,Wed Dec 13 23:19:38 +0000 2017,"Sen. Joe Manchin on the Doug Jones win: ""This speaks volumes for what we call the radical middle -- those of us sti… https://t.co/Gumvfr3KLm",0.5859,0.142,0.858,0.0,47
247,@CNN,Wed Dec 13 23:14:44 +0000 2017,RT @CNNSitRoom: Tillerson says US is ready to sit down and talk to North Korea with no preconditions: “Can we at least sit down and see eac…,0.0772,0.084,0.842,0.074,48
248,@CNN,Wed Dec 13 23:13:12 +0000 2017,The Federal Reserve has raised interest rates one notch higher as the US economy continues to get healthier… https://t.co/PeCufbiRVs,0.4588,0.143,0.857,0.0,49
249,@CNN,Wed Dec 13 23:05:59 +0000 2017,The New York bombing suspect made his first court appearance from a hospital bed https://t.co/SyD7dhcDAL,-0.296,0.0,0.855,0.145,50
250,@CNN,Wed Dec 13 22:58:59 +0000 2017,"The Federal Reserve chair isn't buying into the hype of Bitcoin's wild rally, calling it a ""highly speculative asse… https://t.co/4APUVYJKl1",0.1761,0.086,0.914,0.0,51
251,@CNN,Wed Dec 13 22:52:11 +0000 2017,President Donald Trump invited Democratic Senator-elect Doug Jones to the White House in a congratulatory phone cal… https://t.co/RSkPDp1VjE,0.0,0.0,1.0,0.0,52
252,@CNN,Wed Dec 13 22:45:39 +0000 2017,"Former House Speaker Dennis Hastert can't be alone with children, a judge has ruled in a hush money case related to… https://t.co/AO7uzQ7GM1",0.1877,0.084,0.916,0.0,53
253,@CNN,Wed Dec 13 22:39:37 +0000 2017,These films are among the 25 additions this year to the National Film Registry of the US Library of Congress… https://t.co/62VGKxlmmj,0.0,0.0,1.0,0.0,54
254,@CNN,Wed Dec 13 22:33:16 +0000 2017,"First lady Melania Trump delivers a holiday message while visiting with military families: Christmas is ""not about… https://t.co/hSHROC3oKY",0.4019,0.144,0.856,0.0,55
255,@CNN,Wed Dec 13 22:26:38 +0000 2017,The Republican-led FCC is scheduled to vote Thursday on a controversial plan to repeal Obama-era net neutrality pro… https://t.co/PxZVY6U9TD,-0.2023,0.0,0.904,0.096,56
256,@CNN,Wed Dec 13 22:12:40 +0000 2017,"""Mannequin Skywalker"" makes a test flight into space on a Blue Origin rocket https://t.co/BkViqqvqcD https://t.co/6j12CYotsX",0.0,0.0,1.0,0.0,57
257,@CNN,Wed Dec 13 22:06:01 +0000 2017,"The Navajo Nation has sued Wells Fargo, claiming the bank targeted tribal members with ""predatory sales tactics""… https://t.co/lSF9x98E9h",0.25,0.105,0.895,0.0,58
258,@CNN,Wed Dec 13 21:51:19 +0000 2017,RT @CNNPolitics: Black voters turned out for Doug Jones https://t.co/WtNWgL0FuU https://t.co/4wVNHuC1W8,0.0,0.0,1.0,0.0,59
259,@CNN,Wed Dec 13 21:46:05 +0000 2017,"Sen.-elect Doug Jones: I think we've reached a ""tipping point"" in the US; Going forward, this country has a debt th… https://t.co/df7652eSwI",-0.2732,0.067,0.813,0.12,60
260,@CNN,Wed Dec 13 21:30:54 +0000 2017,Sen.-elect Doug Jones says he received a “very gracious call” from President Trump after his special election win:… https://t.co/4Tf2b4J7Fl,0.743,0.283,0.717,0.0,61
261,@CNN,Wed Dec 13 21:28:51 +0000 2017,"Doug Jones says he has not spoken with Roy Moore after Tuesday’s special election; ""I'm going to let him make that… https://t.co/j36OXKDE4a",0.4019,0.114,0.886,0.0,62
262,@CNN,Wed Dec 13 21:20:15 +0000 2017,Alabama Sen.-elect Doug Jones says he received congratulatory calls from congressional leaders and President Trump… https://t.co/K22ZMWCW5Y,0.0,0.0,1.0,0.0,63
263,@CNN,Wed Dec 13 21:15:56 +0000 2017,"""This is the hard part, bear with me OK? I couldn't get through your book, I tried. Your son Beau had the same canc… https://t.co/TLX0JpzrxY",0.368,0.116,0.829,0.055,64
264,@CNN,Wed Dec 13 21:09:50 +0000 2017,Democrat Doug Jones speaks after his victory over Republican Roy Moore in Alabama's Senate election. Watch live on… https://t.co/DJxK6vtELa,0.0,0.0,1.0,0.0,65
265,@CNN,Wed Dec 13 21:09:21 +0000 2017,"President Trump, eyeing his first major legislative victory, made his closing argument on a tax package that negoti… https://t.co/exeV4F6rwr",-0.3612,0.0,0.872,0.128,66
266,@CNN,Wed Dec 13 20:52:21 +0000 2017,These charts help to explain how Alabama elected a Democrat to the US Senate for the first time in 25 years… https://t.co/zpIs6Xo2Gv,0.4019,0.119,0.881,0.0,67
267,@CNN,Wed Dec 13 20:39:53 +0000 2017,Joe Biden consoles Meghan McCain on her father's cancer diagnosis https://t.co/nhSVoNwYnw https://t.co/mvONYbpHxA,-0.6597,0.0,0.714,0.286,68
268,@CNN,Wed Dec 13 20:20:22 +0000 2017,26-year-olds face challenges as they fall off parents' health insurance https://t.co/N2KYa6c3ZO https://t.co/gKkYEu8dD8,0.0772,0.106,0.894,0.0,69
269,@CNN,Wed Dec 13 20:12:06 +0000 2017,"The identities of more than one million Americans, both dead and alive, may have been used to hijack the FCC's publ… https://t.co/sm9SLWdeIp",-0.4019,0.097,0.743,0.16,70
270,@CNN,Wed Dec 13 20:11:27 +0000 2017,RT @CNNPolitics: President Trump makes his final tax pitch following news that House and Senate negotiators reached a deal on the tax bill…,0.1027,0.062,0.938,0.0,71
271,@CNN,Wed Dec 13 20:10:10 +0000 2017,"Charles Barkley on Doug Jones' victory in Alabama: This is ""a wake-up call for Democrats... ""It's time for them to… https://t.co/CocUlf3Nww",0.0,0.0,1.0,0.0,72
272,@CNN,Wed Dec 13 20:05:25 +0000 2017,President Trump is speaking from the White House. Watch CNN: https://t.co/UYpqI3w42L https://t.co/GUzMovQfRW,0.0,0.0,1.0,0.0,73
273,@CNN,Wed Dec 13 20:00:12 +0000 2017,8 numbers out of Alabama that should terrify Republicans | Analysis by @CillizzaCNN https://t.co/MIqVbGblxr https://t.co/QQ0YqgHJHY,-0.5106,0.0,0.784,0.216,74
274,@CNN,Wed Dec 13 19:50:51 +0000 2017,"Rep. Peter King on Steve Bannon: ""This guy does not belong on the national stage. He looks like some disheveled dru… https://t.co/91rZYecTp7",0.3612,0.106,0.894,0.0,75
275,@CNN,Wed Dec 13 19:40:11 +0000 2017,Credit card debt is on the rise. American households now pay an average of $904 a year in interest alone.… https://t.co/aDNTm5payM,0.4019,0.22,0.627,0.153,76
276,@CNN,Wed Dec 13 19:30:07 +0000 2017,Climate change is partly to blame for the record rainfall that fell over Texas and Louisiana in the days after Hurr… https://t.co/cilBdinyRw,-0.2782,0.0,0.908,0.092,77
277,@CNN,Wed Dec 13 19:20:10 +0000 2017,Use this calculator and see how the tax bill will affect your paycheck https://t.co/JG9nvcZXxG https://t.co/RCbfuWTlL8,0.0,0.0,1.0,0.0,78
278,@CNN,Wed Dec 13 19:11:04 +0000 2017,"President Trump's approval rating sits at 32%, according to a new poll.

This matches the lowest level in any poll… https://t.co/1p6wnZqYIM",0.128,0.131,0.759,0.11,79
279,@CNN,Wed Dec 13 19:00:39 +0000 2017,These charts explain how Doug Jones won in Alabama https://t.co/DnFteCy2oF https://t.co/0eLG0nJdJK,0.5719,0.27,0.73,0.0,80
280,@CNN,Wed Dec 13 18:50:10 +0000 2017,"""This is an earthquake"": Inside the White House after Alabama's stunner https://t.co/b2w7unrXNl https://t.co/gmiOIpIuRf",0.0,0.0,1.0,0.0,81
281,@CNN,Wed Dec 13 18:49:38 +0000 2017,"Sen. Cory Booker praises Doug Jones' victory: ""This is the state of Alabama rejecting tribalism and rejecting hatre… https://t.co/NheGUZxhRB",-0.3818,0.134,0.63,0.236,82
282,@CNN,Wed Dec 13 18:44:26 +0000 2017,"RT @CNNnewsroom: Sen. Cory Booker: Tabling the tax vote until Alabama Sen. Doug Jones is sworn in ""is the right thing to do"" https://t.co/I…",0.0,0.0,1.0,0.0,83
283,@CNN,Wed Dec 13 18:40:08 +0000 2017,Muslim leaders call for recognition of East Jerusalem as Palestinian capital https://t.co/J7DHKPJH5h https://t.co/UGjmrmallS,0.0,0.0,1.0,0.0,84
284,@CNN,Wed Dec 13 18:30:12 +0000 2017,Minnesota Lt. Gov. Tina Smith has been selected to replace Al Franken in the Senate https://t.co/KUjPNgZWTX https://t.co/v8wULY1Pii,0.0,0.0,1.0,0.0,85
285,@CNN,Wed Dec 13 18:20:15 +0000 2017,"A homeless man stole more than $350,000 from an unlocked room in Paris' Charles de Gaulle Airport on Friday, accord… https://t.co/J0th8hnZc5",0.0,0.0,1.0,0.0,86
286,@CNN,Wed Dec 13 18:10:10 +0000 2017,The 7 most revealing findings in the Alabama exit polls https://t.co/mdFDdFf24E https://t.co/wjrAdyX7Ms,0.0,0.0,1.0,0.0,87
287,@CNN,Wed Dec 13 18:06:49 +0000 2017,"RT @CNNPolitics: President Trump on the GOP tax plan: “We are very, very close to a historic legislative victory” https://t.co/5mO1JcKYYl h…",0.0,0.0,1.0,0.0,88
288,@CNN,Wed Dec 13 18:00:18 +0000 2017,House and Senate Republicans have struck a tentative deal on a tax bill https://t.co/WBMHAukC1J https://t.co/0xamOhLtCd,-0.25,0.0,0.857,0.143,89
289,@CNN,Wed Dec 13 17:50:08 +0000 2017,An Airbus plane mapped out an intricate Christmas tree -- with ornaments -- and it was spotted on flight radar… https://t.co/Wpj40Ue6K6,0.1531,0.074,0.926,0.0,90
290,@CNN,Wed Dec 13 17:40:05 +0000 2017,Much of the attention in Alabama was focused on Roy Moore's conservative Christian base. But he lost in large part… https://t.co/TP3DnFYuAB,0.0772,0.109,0.795,0.096,91
291,@CNN,Wed Dec 13 17:29:06 +0000 2017,"""A president who would all but call Sen. Kirsten Gillibrand a whore is not fit to clean the toilets in the Barack O… https://t.co/VJ9drPDUb8",-0.91,0.0,0.635,0.365,92
292,@CNN,Wed Dec 13 17:20:15 +0000 2017,"Charles Barkley on Doug Jones' victory in Alabama: This is ""a wake-up call for Democrats... ""It's time for them to… https://t.co/d22PRHyX4q",0.0,0.0,1.0,0.0,93
293,@CNN,Wed Dec 13 17:09:08 +0000 2017,"Trump on the Alabama election: ""I was right! ... the deck was stacked"" against Roy Moore https://t.co/cExa2auJwZ https://t.co/KgZyMUwR5N",0.0,0.0,1.0,0.0,94
294,@CNN,Wed Dec 13 16:58:23 +0000 2017,"Black voters in Alabama -- particularly black women -- voted overwhelmingly in favor of Democrat Doug Jones, accord… https://t.co/fO4YDMxRjF",0.296,0.127,0.802,0.071,95
295,@CNN,Wed Dec 13 16:45:38 +0000 2017,A baby born with her heart outside her body has survived three surgeries to insert it back into her chest… https://t.co/HlE3P9fzDp,0.5106,0.148,0.852,0.0,96
296,@CNN,Wed Dec 13 16:35:32 +0000 2017,"RT @CNNPolitics: Rep. Steve Cohen: ""Has President Trump ever communicated with you about removing Robert Mueller?""

Rosenstein: ""I am not g…",0.0,0.0,1.0,0.0,97
297,@CNN,Wed Dec 13 16:35:22 +0000 2017,"RT @CNNPolitics: Ranking member of the House Judiciary Committee Jerry Nadler: ""Have you seen good cause to fire Special Counsel Mueller?""…",0.4939,0.215,0.692,0.092,98
298,@CNN,Wed Dec 13 16:21:32 +0000 2017,"Alabama Rep. Mo Brooks reveals on the House floor that he has prostate cancer: ""Losing the Senate race may have sav… https://t.co/HxxkCbIRfX",-0.7906,0.0,0.741,0.259,99
299,@CNN,Wed Dec 13 16:10:04 +0000 2017,Prince Harry and Meghan Markle will spend their first Christmas as an engaged couple with Queen Elizabeth and other… https://t.co/AiAkseSNfP,0.4019,0.124,0.876,0.0,100
300,@FoxNews,Thu Dec 14 05:00:00 +0000 2017,WATCH: @jessebwatters Invites Special Guest for New Installment of 'Mom Texts' https://t.co/Jb6LDPzpJF,0.4019,0.197,0.803,0.0,1
301,@FoxNews,Thu Dec 14 04:45:04 +0000 2017,"In his final speech pushing tax reform, @POTUS said the new tax guidelines favored the ""forgotten men and women of… https://t.co/KUgMPTRcvu",0.2263,0.118,0.802,0.08,2
302,@FoxNews,Thu Dec 14 04:31:51 +0000 2017,Watchdog reveals how ex-Mueller agents' anti-Trump texts came to light https://t.co/4JwUy6tp2a,0.0,0.0,1.0,0.0,3
303,@FoxNews,Thu Dec 14 04:20:04 +0000 2017,".@TGowdySC: ""This 'conflict of interest-free' senior agent of the @FBI can't think of a single solitary American wh… https://t.co/XaTN2CuWNU",-0.3182,0.0,0.881,0.119,4
304,@FoxNews,Thu Dec 14 04:13:06 +0000 2017,".@TomFitton: ""I think the FBI's been compromised. Forget about shutting down Mr. Mueller. Do we need to shut down t… https://t.co/ues5oaWjG3",-0.2263,0.0,0.913,0.087,5
305,@FoxNews,Thu Dec 14 04:03:45 +0000 2017,Roy Moore bucks calls to concede in Alabama Senate race https://t.co/ebX4s8sv66 https://t.co/9eVe6kQMtF,0.0,0.0,1.0,0.0,6
306,@FoxNews,Thu Dec 14 03:55:19 +0000 2017,".@IngrahamAngle on Alabama Senate race: ""Here's a lesson for Republicans, you cannot fight everyone all at once, yo… https://t.co/8DB4wqedO4",0.2924,0.114,0.886,0.0,7
307,@FoxNews,Thu Dec 14 03:41:40 +0000 2017,Los Angeles Fire Dept. dispatches drones for the first time in wildfire fight https://t.co/Je1CvyY7dp,-0.6124,0.0,0.706,0.294,8
308,@FoxNews,Thu Dec 14 03:39:19 +0000 2017,.@HeyTammyBruce: Jones Win in AL an 'End Result' of What Mitch McConnell Started https://t.co/ykJNebP4WU,0.5859,0.226,0.774,0.0,9
309,@FoxNews,Thu Dec 14 03:32:06 +0000 2017,Watchdog reveals how ex-Mueller agents' anti-Trump texts came to light https://t.co/7qBDlC7iOU,0.0,0.0,1.0,0.0,10
310,@FoxNews,Thu Dec 14 03:23:14 +0000 2017,"Solomon Wisenberg on Robert Mueller: ""He's not perfect, but he's honorable."" @IngrahamAngle https://t.co/4V8BekDAzo https://t.co/AhPvjv4EZc",-0.2498,0.0,0.867,0.133,11
311,@FoxNews,Thu Dec 14 03:22:31 +0000 2017,".@TomiLahren: ""The question isn't if they're trying to destroy President #Trump and his administration. It's: why?""… https://t.co/WYOnrjZJUd",-0.5423,0.0,0.821,0.179,12
312,@FoxNews,Thu Dec 14 03:16:35 +0000 2017,"James Freeman on FBI agents sending anti-Trump text messages: ""These people kind of viewed their role as protecting… https://t.co/jra9Q514f9",0.4019,0.13,0.87,0.0,13
313,@FoxNews,Thu Dec 14 03:15:33 +0000 2017,".@KellyannePolls on tax reform: ""When you file your taxes...you will have seen the difference in your paychecks. [… https://t.co/kHt0XSp8oP",0.0,0.0,1.0,0.0,14
314,@FoxNews,Thu Dec 14 03:11:44 +0000 2017,".@RonDeSantisFL on anti-Trump text messages: ""This is actually taking a bias and basically saying you're going to u… https://t.co/NSd5Kbzm86",-0.1027,0.0,0.924,0.076,15
315,@FoxNews,Thu Dec 14 03:09:45 +0000 2017,".@seanhannity on Roy Moore loss: ""When I look at who's to blame for this embarrassing loss, it is not President… https://t.co/d54lQjdb6D",-0.8225,0.0,0.625,0.375,16
316,@FoxNews,Thu Dec 14 03:08:14 +0000 2017,Anonymous donor pays more than $40G in Walmart layaway bills https://t.co/so39zfXgkE,0.0,0.0,1.0,0.0,17
317,@FoxNews,Thu Dec 14 02:56:53 +0000 2017,".@AlanDersh on Mueller investigation: ""It's a problem, not only of perception of bias, but the reality of bias here… https://t.co/InXI5yaWuk",-0.3919,0.0,0.775,0.225,18
318,@FoxNews,Thu Dec 14 02:48:08 +0000 2017,".@seanhannity on Mueller investigation: ""By the time we untangle this massive web of corruption, it will be worse t… https://t.co/s33emSyYvF",-0.4767,0.0,0.86,0.14,19
319,@FoxNews,Thu Dec 14 02:40:40 +0000 2017,".@AGPamBondi on Mueller investigation: ""All of these people need to be wiped off the case. They need to start over.… https://t.co/POgPPMKPnw",0.0,0.0,1.0,0.0,20
320,@FoxNews,Thu Dec 14 02:36:33 +0000 2017,".@seanhannity on Mueller investigation: ""It's one giant, huge, massive web of corruption and it's all aimed at taki… https://t.co/OOjNLvgryG",0.3182,0.113,0.887,0.0,21
321,@FoxNews,Thu Dec 14 02:27:27 +0000 2017,".@seanhannity shares exclusively obtained text messages from ""#Trump-hating, #Clinton-loving @FBI agent Peter Strzo… https://t.co/0FKqP5SY5d",0.296,0.145,0.855,0.0,22
322,@FoxNews,Thu Dec 14 02:16:01 +0000 2017,".@seanhannity: ""If [Rosenstein] had any sort of moral compass, he would shut down Mueller's corrupt witch hunt imme… https://t.co/esmfc17myH",-0.3612,0.0,0.878,0.122,23
323,@FoxNews,Thu Dec 14 02:07:36 +0000 2017,.@DonaldJTrumpJr interviewed by Senate panel in Russia probe for nine hours  https://t.co/cxSvjGIRVD,0.0,0.0,1.0,0.0,24
324,@FoxNews,Thu Dec 14 02:00:25 +0000 2017,Russell Simmons accused of rape by four women https://t.co/PjnzKfIGrB,-0.7845,0.0,0.504,0.496,25
325,@FoxNews,Thu Dec 14 01:45:43 +0000 2017,"On #TheStory, @GovMikeHuckabee said ""we can do better"" when it comes to disagreeing with people's political beliefs… https://t.co/X0vYZYrsY9",0.128,0.136,0.751,0.113,26
326,@FoxNews,Thu Dec 14 01:41:17 +0000 2017,".@tavissmiley accused of sexual misconduct, @PBS 'indefinitely' suspends show's distribution, report says https://t.co/MZC0Vf8KjB",-0.296,0.0,0.845,0.155,27
327,@FoxNews,Thu Dec 14 01:34:49 +0000 2017,".@KimStrassel on getting the @FBI to cooperate with Congress' investigations: ""The @WhiteHouse is going to have to… https://t.co/UxCdcK1Jls",0.0,0.0,1.0,0.0,28
328,@FoxNews,Thu Dec 14 01:22:18 +0000 2017,".@JonathanTurley on possible investigation into the Russia probe: ""Let's have an independent and full investigation… https://t.co/MvdRvCMkbL",0.0,0.0,1.0,0.0,29
329,@FoxNews,Thu Dec 14 01:03:51 +0000 2017,".@GovMikeHuckabee on critics of his daughter: ""Politics doesn't have to be personal attacks on people. You can disa… https://t.co/bi6RDpUukR",-0.6249,0.0,0.769,0.231,30
330,@FoxNews,Thu Dec 14 01:01:35 +0000 2017,".@GovMikeHuckabee on Mika Brzezinski's comments on @PressSec: ""It just amazes me that even the women who say they'r… https://t.co/YOls8hEIjW",0.4939,0.151,0.849,0.0,31
331,@FoxNews,Thu Dec 14 01:01:14 +0000 2017,An empty @Airbus plane was feeling the #Christmas spirit Wednesday as it mapped out a Christmas tree – with ornamen… https://t.co/hrAteHJAfH,0.1027,0.152,0.762,0.086,32
332,@FoxNews,Thu Dec 14 00:51:52 +0000 2017,".@Jim_Jordan on Peter Strzok's text messages: ""This guy, who thought he was James Bond, this super agent guy at the… https://t.co/oA90ofjZmI",0.6833,0.188,0.812,0.0,33
333,@FoxNews,Thu Dec 14 00:49:07 +0000 2017,".@Jim_Jordan on Peter Strzok: ""He needs to be in front of the judiciary committee ASAP.""  https://t.co/9qYndxcPXr https://t.co/EdKpvzvvaV",0.0,0.0,1.0,0.0,34
334,@FoxNews,Thu Dec 14 00:41:08 +0000 2017,.@TGowdySC: Mueller Probe 'Conflicts of Interest' Troublesome for an 'Objective FBI' https://t.co/dqLWbJ2aUJ,-0.4404,0.168,0.503,0.33,35
335,@FoxNews,Thu Dec 14 00:36:39 +0000 2017,".@AdamKinzinger on economy since @POTUS took office: ""People have reacted to [@realDonaldTrump's] presidency with 3… https://t.co/iGgPJAuJNg",0.0,0.0,1.0,0.0,36
336,@FoxNews,Thu Dec 14 00:33:04 +0000 2017,".@AdamKinzinger on final tax bill: ""This is tax relief for everybody and it's gonna drive up middle class wages, it… https://t.co/awYUCFLtNu",0.4767,0.134,0.866,0.0,37
337,@FoxNews,Thu Dec 14 00:30:27 +0000 2017,".@JessicaTarlov on anti-Trump text messages from FBI agents: ""We are a completely divided, partisan country at this… https://t.co/5x65Oh6ahW",0.0,0.0,1.0,0.0,38
338,@FoxNews,Thu Dec 14 00:24:06 +0000 2017,WATCH: @jessebwatters Invites Special Guest for New Installment of 'Mom Texts' #TheFive https://t.co/OZTkUbsgqN,0.4019,0.184,0.816,0.0,39
339,@FoxNews,Thu Dec 14 00:15:21 +0000 2017,"CNN now blames Anderson Cooper's assistant, mysterious gym 'hacker' for crude insult to Trump https://t.co/7kdak5PQdO",-0.8658,0.0,0.553,0.447,40
340,@FoxNews,Thu Dec 14 00:12:31 +0000 2017,".@TGowdySC on anti-Trump text messages: ""The notion that three [FBI] agents would be conspiring or plotting on how… https://t.co/wF1Bx7RJ5N",0.0,0.0,1.0,0.0,41
341,@FoxNews,Thu Dec 14 00:08:35 +0000 2017,".@TGowdySC on anti-Trump text messages: ""These are really bad facts if you care about an impartial, objective Depar… https://t.co/m3HfPeWH5q",-0.1513,0.133,0.709,0.158,42
342,@FoxNews,Wed Dec 13 23:57:44 +0000 2017,".@JonahNRO on anti-Trump texts sent by former Mueller aide: ""The optics on that look bad and I think it is...a hot… https://t.co/CCaNsTvW4J",-0.5423,0.0,0.851,0.149,43
343,@FoxNews,Wed Dec 13 23:48:57 +0000 2017,".@Marcshort45 on tax reform: ""I'm not sure the Democrats should be holding up the example of ObamaCare as one that… https://t.co/GjnCYZZH8Q",-0.2411,0.0,0.911,0.089,44
344,@FoxNews,Wed Dec 13 23:41:55 +0000 2017,"RT @FoxNewsResearch: •Always Ready, Always There•
#OTD 1636, Origins of the Army National Guard were organized
•First militia regiments org…",0.3612,0.116,0.884,0.0,45
345,@FoxNews,Wed Dec 13 23:30:18 +0000 2017,Cuomo calls female reporter's harassment question a 'disservice to women' https://t.co/PhlH5aArXu,-0.5423,0.0,0.72,0.28,46
346,@FoxNews,Wed Dec 13 23:04:38 +0000 2017,".@OMAROSA resigns from #Trump administration job 
https://t.co/nc2kPw4keS",-0.3182,0.0,0.723,0.277,47
347,@FoxNews,Wed Dec 13 22:48:01 +0000 2017,".@Joy_Villa: ""@IvankaTrump actually pulled me aside and she said, 'I really want you to run. We need more strong wo… https://t.co/I2sxSS86ud",0.6353,0.214,0.786,0.0,48
348,@FoxNews,Wed Dec 13 22:39:45 +0000 2017,".@SenJohnMcCain: ""Senator McCain is currently receiving treatment at Walter Reed Medical Center for normal side eff… https://t.co/CCHVOj3URV",0.0,0.0,1.0,0.0,49
349,@FoxNews,Wed Dec 13 22:39:05 +0000 2017,"Pastor Leon Benjamin: ""It's time that we recognize that our president is making good on his promises. Thank you, Mr… https://t.co/WVCSXaf2J3",0.7906,0.308,0.692,0.0,50
350,@FoxNews,Wed Dec 13 22:37:09 +0000 2017,".@kimguilfoyle: ""On ABC, CBS, and NBC, the reporting on @POTUS has been 91% negative over the past three months.""… https://t.co/RNpOB90qAV",-0.5719,0.0,0.837,0.163,51
351,@FoxNews,Wed Dec 13 22:35:43 +0000 2017,"Alabama's Doug Jones facing early pressure to vote with GOP, after upset victory https://t.co/OKY2tn7rXG",-0.5859,0.0,0.714,0.286,52
352,@FoxNews,Wed Dec 13 22:25:00 +0000 2017,"New York store owner, 80, shot and killed over 50 cents https://t.co/t8MTqk6cY1",-0.6705,0.0,0.71,0.29,53
353,@FoxNews,Wed Dec 13 22:23:12 +0000 2017,Texts of FBI agents reveal anti-Trump bias; Catherine Herridge reports. https://t.co/Nca2OnrKJt,-0.1027,0.0,0.877,0.123,54
354,@FoxNews,Wed Dec 13 22:18:22 +0000 2017,".@jessebwatters: ""[Roy Moore] is not a normal Republican candidate. The fact that you beat him by a hair I don't th… https://t.co/1PjIkKKFaT",0.0,0.0,1.0,0.0,55
355,@FoxNews,Wed Dec 13 22:15:17 +0000 2017,NYC subway bomb suspect appears in court from hospital bed https://t.co/XRdWD4VmPZ,-0.6597,0.0,0.625,0.375,56
356,@FoxNews,Wed Dec 13 22:13:54 +0000 2017,"In his final speech pushing tax reform, @POTUS said the new tax guidelines favored the ""forgotten men and women of… https://t.co/8MhrvtVY1A",0.2263,0.118,0.802,0.08,57
357,@FoxNews,Wed Dec 13 22:12:56 +0000 2017,".@cathymcmorris on tax reform bill: ""It is pro-family. It is pro-economic growth...I am excited about what it means… https://t.co/bifswWOeQP",0.34,0.118,0.882,0.0,58
358,@FoxNews,Wed Dec 13 21:52:02 +0000 2017,".@SenatorStrange: ""I've been honored to serve and looking forward to the next chapter."" https://t.co/wMQ2tmLYv7",0.5859,0.226,0.774,0.0,59
359,@FoxNews,Wed Dec 13 21:49:08 +0000 2017,.@POTUS made his closing argument for passing a sweeping tax reform package.  https://t.co/XomMrv6nNb https://t.co/gcs4i4YlR8,-0.3612,0.0,0.828,0.172,60
360,@FoxNews,Wed Dec 13 21:36:26 +0000 2017,".@KarlRove: ""Alabama remains a deep red state... The Republicans nominated the one person who could squander the se… https://t.co/tci1WO8XCE",0.0,0.0,1.0,0.0,61
361,@FoxNews,Wed Dec 13 21:32:30 +0000 2017,Report: Omarosa 'physically dragged' from White House grounds https://t.co/KFIaQWMX8q,-0.0516,0.0,0.87,0.13,62
362,@FoxNews,Wed Dec 13 21:26:19 +0000 2017,".@GDouglasJones: ""Going forward, this country has a debt that we owe to women everywhere who have had to endure the… https://t.co/13rZQsWYwe",-0.3612,0.0,0.884,0.116,63
363,@FoxNews,Wed Dec 13 21:23:55 +0000 2017,"Trump announces Americans will see tax cuts by February, if plan passes on schedule https://t.co/pwn8hIeAqD",-0.296,0.0,0.864,0.136,64
364,@FoxNews,Wed Dec 13 21:16:46 +0000 2017,".@GDouglasJones: ""It has been an amazing day today. I have received calls from so many well-wishers."" https://t.co/HVH8FOZ5QW",0.5859,0.202,0.798,0.0,65
365,@FoxNews,Wed Dec 13 21:15:16 +0000 2017,".@GDouglasJones: ""I want to get involved as soon as I can."" https://t.co/s9gkoTVxva",0.0772,0.115,0.885,0.0,66
366,@FoxNews,Wed Dec 13 21:13:55 +0000 2017,RT @FoxBusiness: #BreakingNews: The Dow Jones Industrial Average closed the day at a new record high. This is the 68th record close for the…,0.0,0.0,1.0,0.0,67
367,@FoxNews,Wed Dec 13 21:12:08 +0000 2017,".@GDouglasJones: We will ""try to find common ground."" https://t.co/DWETLgOgIl",0.0,0.0,1.0,0.0,68
368,@FoxNews,Wed Dec 13 21:07:45 +0000 2017,".@SenatorStrange: ""I'm honored to have served... I'm proud of my record."" https://t.co/nfLqqPSd9Y",0.7845,0.408,0.592,0.0,69
369,@FoxNews,Wed Dec 13 21:07:19 +0000 2017,".@SenatorStrange: ""I'm not bitter at all... There's no whining in politics."" https://t.co/ILAnk5uFXV",-0.1945,0.151,0.583,0.266,70
370,@FoxNews,Wed Dec 13 21:06:59 +0000 2017,".@SenatorStrange: ""It is bittersweet... I've been honored to serve and looking forward to the next chapter."" https://t.co/tHllcUxmPb",0.5859,0.192,0.808,0.0,71
371,@FoxNews,Wed Dec 13 21:06:18 +0000 2017,Little brother to the rescue! When two-year-old Jash Lewis thought his sister needed help during her wrestling matc… https://t.co/trf4zhAMvc,0.7424,0.27,0.73,0.0,72
372,@FoxNews,Wed Dec 13 21:06:15 +0000 2017,"Alabama's Doug Jones facing early pressure to vote with GOP, after upset victory https://t.co/OKY2tmPQz6",-0.5859,0.0,0.714,0.286,73
373,@FoxNews,Wed Dec 13 20:55:05 +0000 2017,".@POTUS: ""We're proud to be The Deplorables."" https://t.co/rcgOINk3EO https://t.co/xKVOXNYanT",0.4767,0.279,0.721,0.0,74
374,@FoxNews,Wed Dec 13 20:43:17 +0000 2017,"In his final speech pushing tax reform, @POTUS said the new tax guidelines favored the ""forgotten men and women of… https://t.co/Vs8oUDdgzi",0.2263,0.118,0.802,0.08,75
375,@FoxNews,Wed Dec 13 20:29:39 +0000 2017,"Pastor Leon Benjamin: ""It's time that we recognize that our president is making good on his promises. Thank you, Mr… https://t.co/zTmKH1RXc5",0.7906,0.308,0.692,0.0,76
376,@FoxNews,Wed Dec 13 20:29:12 +0000 2017,"RT @FoxBusiness: .@POTUS on tax reform: “We'll have very little Democratic support, probably none. And that's purely for political reasons.…",0.399,0.124,0.876,0.0,77
377,@FoxNews,Wed Dec 13 20:26:02 +0000 2017,".@POTUS: ""Somebody else called me and everybody else 'the Deplorables'... We're proud to be The Deplorables."" https://t.co/cMoXerIJTP",0.4767,0.162,0.838,0.0,78
378,@FoxNews,Wed Dec 13 20:24:53 +0000 2017,"RT @FoxBusiness: .@POTUS: “55 years ago this week, President John F. Kennedy – a Democrat – launched a historic effort to pass sweeping, to…",0.128,0.073,0.927,0.0,79
379,@FoxNews,Wed Dec 13 20:24:26 +0000 2017,"RT @FoxBusiness: .@POTUS: If Congress sends me a bill before Christmas, Americans will see lower taxes beginning in February. Just two shor…",-0.296,0.0,0.901,0.099,80
380,@FoxNews,Wed Dec 13 20:24:20 +0000 2017,"RT @FoxBusiness: .@POTUS: ""We want to give you, the American people, a giant tax cut for Christmas."" https://t.co/UiTm6Lxm6u",-0.2023,0.071,0.815,0.114,81
381,@FoxNews,Wed Dec 13 20:21:25 +0000 2017,".@POTUS: ""Unemployment is at a 17-year low... Pension and retirement accounts are soaring."" https://t.co/dtu9f3ExnY",-0.4404,0.0,0.805,0.195,82
382,@FoxNews,Wed Dec 13 20:19:53 +0000 2017,"Pastor Leon Benjamin: ""It's time that we recognize that our president is making good on his promises. Thank you, Mr… https://t.co/h8XKfVjB2D",0.7906,0.308,0.692,0.0,83
383,@FoxNews,Wed Dec 13 20:19:23 +0000 2017,".@POTUS: ""Lowering taxes is neither a Republican or Democrat idea, but an American principle and an American idea."" https://t.co/JrjXWd7Yoz",-0.128,0.0,0.919,0.081,84
384,@FoxNews,Wed Dec 13 20:09:49 +0000 2017,".@POTUS: ""Millions of middle class families will win under our plan."" https://t.co/EEVNwNhq0b",0.5859,0.257,0.743,0.0,85
385,@FoxNews,Wed Dec 13 20:07:50 +0000 2017,".@POTUS: ""America is coming back bigger, and better, and stronger than ever before... America isn't content just by… https://t.co/4LfzgXBdjT",0.6705,0.244,0.756,0.0,86
386,@FoxNews,Wed Dec 13 20:07:15 +0000 2017,".@POTUS: ""As a country we're being respected again."" https://t.co/KontxpMFl6",0.4767,0.307,0.693,0.0,87
387,@FoxNews,Wed Dec 13 20:06:04 +0000 2017,".@POTUS: ""It makes America competitive again."" https://t.co/2yLonOBbGZ",0.1779,0.221,0.779,0.0,88
388,@FoxNews,Wed Dec 13 20:04:59 +0000 2017,".@POTUS: ""The typical family of 4 earning $75,000 will see an income tax cut of more than $2,000, slashing their ta… https://t.co/9z0W8X1n4x",-0.5367,0.0,0.81,0.19,89
389,@FoxNews,Wed Dec 13 20:04:07 +0000 2017,".@POTUS: ""We want to give you, the American people, a giant tax cut for Christmas."" https://t.co/d5RSBZ5sdg",-0.2023,0.079,0.793,0.128,90
390,@FoxNews,Wed Dec 13 20:03:45 +0000 2017,".@POTUS: ""As a candidate, I promised we would pass a massive tax cut for the everyday working American families who… https://t.co/NlGuwNO1tv",0.1027,0.121,0.777,0.102,91
391,@FoxNews,Wed Dec 13 20:01:35 +0000 2017,"""The bill is going to cut taxes for American businesses, both big ones and small ones.""

EARLIER: @POTUS speaks at… https://t.co/6HzNgMlNnB",-0.2732,0.0,0.905,0.095,92
392,@FoxNews,Wed Dec 13 20:00:46 +0000 2017,SOON: @POTUS to give speech on taxes. https://t.co/GJnrSqyPHU,0.0,0.0,1.0,0.0,93
393,@FoxNews,Wed Dec 13 20:00:06 +0000 2017,TUNE IN: Senator @lutherstrange joins @TeamCavuto on “Your World” at 4p ET on Fox News Channel! https://t.co/c4sagwSdWn,0.0,0.0,1.0,0.0,94
394,@FoxNews,Wed Dec 13 19:58:51 +0000 2017,".@SpeakerRyan: ""Workers in 2018 will see more money in their paychecks because the tax code is going to be taking l… https://t.co/usZqoSkuXs",0.0,0.0,1.0,0.0,95
395,@FoxNews,Wed Dec 13 19:38:59 +0000 2017,".@FLOTUS hugs the child of a military family during a ""Toys for Tots"" event in #WashingtonDC https://t.co/R0HPQFkf5d",0.4939,0.186,0.814,0.0,96
396,@FoxNews,Wed Dec 13 19:37:47 +0000 2017,Heartbreaking video of starving polar bear stirs controversy among conservationists https://t.co/oT35oF4ZoN,-0.7003,0.0,0.608,0.392,97
397,@FoxNews,Wed Dec 13 19:33:17 +0000 2017,.@johnfund: Rule of law under siege: How rampant anti-Trump bias in the Russia probe threatens our democracy https://t.co/BohK5jKZHz,-0.4588,0.0,0.8,0.2,98
398,@FoxNews,Wed Dec 13 19:32:01 +0000 2017,".@Judgenap: Too Early to Say Mueller Probe Is Biased Against Trump
https://t.co/A9IiLid8sX",-0.2732,0.0,0.84,0.16,99
399,@FoxNews,Wed Dec 13 19:22:03 +0000 2017,".@RepSteveChabot: ""Let me just review a few facts about the supposedly 'unbiased' group of people that Mr. Mueller… https://t.co/sMBYfTSMql",0.0,0.0,1.0,0.0,100
400,@nytimes,Thu Dec 14 04:57:04 +0000 2017,"Toni Sallie told The New York Times that Russell Simmons raped her in 1988. To this day, she said, ""I don’t feel co… https://t.co/hXUXMH4eA4",-0.6808,0.0,0.833,0.167,1
401,@nytimes,Thu Dec 14 04:47:30 +0000 2017,A taste of the year in apologies — and non-apologies https://t.co/L7rpen5OnK https://t.co/3Yr85AJscb,0.0,0.0,1.0,0.0,2
402,@nytimes,Thu Dec 14 04:37:02 +0000 2017,"RT @MaggieAstor: Dan Johnson, a first-term Republican in the Kentucky House, was accused of molesting a 17-year-old parishioner at the chur…",-0.7184,0.0,0.739,0.261,3
403,@nytimes,Thu Dec 14 04:27:05 +0000 2017,House vs. Senate: The tax changes up for debate and how different taxpayers would fare https://t.co/ZXrXPJx2bD,0.0,0.0,1.0,0.0,4
404,@nytimes,Thu Dec 14 04:17:04 +0000 2017,"How the Fed rate increase affects your mortgage, car loan and credit card bill https://t.co/JrJZMtvDdt",0.5994,0.274,0.726,0.0,5
405,@nytimes,Thu Dec 14 04:02:04 +0000 2017,"Dying has its own biology and symptoms. It’s a diagnosis in itself. https://t.co/5XnLGw5myl

This was one of our mo… https://t.co/QUL1QqJb52",0.0,0.0,1.0,0.0,6
406,@nytimes,Thu Dec 14 03:47:04 +0000 2017,RT @porterthereport: Dear World: This is the story I've been working on for the past 3 months. It both broke my heart and made me whole. In…,-0.0516,0.088,0.816,0.095,7
407,@nytimes,Thu Dec 14 03:37:04 +0000 2017,"Michael Dourson, who founded a research center with close ties to the chemical industry, withdrew his name from con… https://t.co/Id8VFQTcmy",0.0,0.0,1.0,0.0,8
408,@nytimes,Thu Dec 14 03:27:06 +0000 2017,A video showing a shark being dragged behind a speedboat led to the arrest of 3 men on charges of animal cruelty https://t.co/tIJysWjoD7,-0.8225,0.0,0.61,0.39,9
409,@nytimes,Thu Dec 14 03:17:08 +0000 2017,"The Great Red Spot is 10,000 miles wide and now scientists know that it dives at least 200 miles into Jupiter https://t.co/fRPnDI2ONx",0.6249,0.163,0.837,0.0,10
410,@nytimes,Thu Dec 14 03:07:02 +0000 2017,RT @joecoscarelli: Russell Simmons admitted to sexual harassment at Def Jam but is denying he raped anyone: “I have accepted that I can and…,-0.872,0.115,0.536,0.35,11
411,@nytimes,Thu Dec 14 03:00:30 +0000 2017,"People who found a Tickle Me Elmo doll, or elusive Beanie Babies, or a Furby (even though you had no idea what a Fu… https://t.co/niYS5Cu2jO",-0.296,0.0,0.905,0.095,12
412,@nytimes,Thu Dec 14 02:47:05 +0000 2017,When a hurricane hits home: How 6 photographers in Puerto Rico have covered the storm and its aftermath… https://t.co/nyXfUSCSht,0.0,0.0,1.0,0.0,13
413,@nytimes,Thu Dec 14 02:36:06 +0000 2017,"RT @brooksbarnesNYT: New from me: Inside Ridley Scott's scramble to re-do ""All the Money in the World"" with Christopher Plummer, an effort…",0.0,0.0,1.0,0.0,14
414,@nytimes,Thu Dec 14 02:27:05 +0000 2017,"How the tide turned against Roy Moore in Alabama
https://t.co/EwsVg7LVfz",0.0,0.0,1.0,0.0,15
415,@nytimes,Thu Dec 14 02:17:07 +0000 2017,Evening Briefing: Here's what you need to know at the end of the day https://t.co/8cHQCVxL3a,0.0,0.0,1.0,0.0,16
416,@nytimes,Thu Dec 14 02:02:02 +0000 2017,"Dansko clogs are — for some — a way of life https://t.co/kj44GQvM9C

This was one of our most popular stories on social media this year.",0.4754,0.128,0.872,0.0,17
417,@nytimes,Thu Dec 14 01:47:06 +0000 2017,"The first public details of the 2019 L train shutdown include car pools, a new ferry route and bicycles  https://t.co/3XMYs2UH37",0.0,0.0,1.0,0.0,18
418,@nytimes,Thu Dec 14 01:41:06 +0000 2017,RT @EricLiptonNYT: @BySheilaKaplan Trump’s E.P.A. Chemical Safety Nominee Withdraws https://t.co/unPz3TaRRF,0.4215,0.237,0.763,0.0,19
419,@nytimes,Thu Dec 14 01:32:03 +0000 2017,"“You may remember when you were a little kid, your dad took care of my Beau,” Joe Biden  said to Meghan McCain in a… https://t.co/AhyuSfCWqL",0.4939,0.122,0.878,0.0,20
420,@nytimes,Thu Dec 14 01:17:07 +0000 2017,The Geminids meteor shower peaks tonight. Here's what you need to know. https://t.co/3RhDWVpF2b,0.0,0.0,1.0,0.0,21
421,@nytimes,Thu Dec 14 01:02:05 +0000 2017,The best classical music of 2017 https://t.co/YKMwlepf1S,0.6369,0.412,0.588,0.0,22
422,@nytimes,Thu Dec 14 00:47:07 +0000 2017,"RT @alanblinder: Nick Saban was not available for comment for our report about the 22,819 write-in votes in Alabama's Senate race. (Yes, we…",0.0,0.0,1.0,0.0,23
423,@nytimes,Thu Dec 14 00:32:04 +0000 2017,Congressional Republicans began work on a bill to roll back Obama-era controls on for-profit colleges https://t.co/rrcOXy89S3,0.0,0.0,1.0,0.0,24
424,@nytimes,Thu Dec 14 00:17:03 +0000 2017,Evening Briefing: Here's what you need to know at the end of the day https://t.co/Dqw39j3xSf,0.0,0.0,1.0,0.0,25
425,@nytimes,Wed Dec 13 23:58:15 +0000 2017,"“Everybody needs someone to bury them,” says Raphaël Louigene, the team’s leader. https://t.co/j5pqJY559a https://t.co/ux6JE6ysoA",0.0,0.0,1.0,0.0,26
426,@nytimes,Wed Dec 13 23:55:39 +0000 2017,"30,000: the estimated number of forgotten bodies this team has buried in the past decade. https://t.co/j5pqJY559a https://t.co/Jv1PmxqrEH",-0.1531,0.071,0.824,0.104,27
427,@nytimes,Wed Dec 13 23:53:55 +0000 2017,"Christmas is their busiest time. Then, they can’t stand the idea of leaving rotting bodies behind, so they take as… https://t.co/gEv06oSLCN",0.0,0.0,1.0,0.0,28
428,@nytimes,Wed Dec 13 23:52:08 +0000 2017,All of the members of the burial team grew up poor. Many were orphans. They see themselves in the bodies they pick… https://t.co/j22mRLBCSg,-0.4767,0.0,0.876,0.124,29
429,@nytimes,Wed Dec 13 23:50:41 +0000 2017,"Before the burial team stepped in, forgotten bodies were dumped in the desert. These men offer them some dignity.… https://t.co/jgpro3GqKU",-0.5574,0.0,0.796,0.204,30
430,@nytimes,Wed Dec 13 23:48:08 +0000 2017,"They have come to collect the abandoned dead in Port-au-Prince. Stacked up in cellar-like rooms, these are the bodi… https://t.co/sMgB9bvoVA",-0.8074,0.0,0.711,0.289,31
431,@nytimes,Wed Dec 13 23:45:10 +0000 2017,They pull on their death smocks and pass around rum. The men on the burial team steel themselves for the grisly tas… https://t.co/viRZwYwr2O,-0.5994,0.0,0.849,0.151,32
432,@nytimes,Wed Dec 13 23:37:10 +0000 2017,Read Russell Simmons’s full statement on the rape allegations leveled against him: https://t.co/ryFrB6Lawg,-0.6908,0.0,0.719,0.281,33
433,@nytimes,Wed Dec 13 23:35:34 +0000 2017,"When told in detail about the rape accusations and other misconduct, Russell Simmons said: “I will relentlessly fig… https://t.co/a3hVJUZf1e",-0.7906,0.0,0.708,0.292,34
434,@nytimes,Wed Dec 13 23:34:50 +0000 2017,"“I gave up something that I loved to do. I erased myself,” Drew Dixon said. Now, “I want people to know why.” https://t.co/1cFH1oC8xG",0.6369,0.215,0.785,0.0,35
435,@nytimes,Wed Dec 13 23:34:19 +0000 2017,Drew Dixon cited the lingering criticism of black women like Anita Hill and Desiree Washington as contributing reas… https://t.co/vlXMe5Cadn,-0.1027,0.112,0.759,0.129,36
436,@nytimes,Wed Dec 13 23:33:26 +0000 2017,Drew Dixon left Stanford in 1992 to join the hip-hop revolution. She says Russell Simmons sexually harassed her rep… https://t.co/iqAMAVhULl,-0.3182,0.093,0.759,0.148,37
437,@nytimes,Wed Dec 13 23:31:55 +0000 2017,"“I didn’t sing for almost a year.” —Tina Baker, a performer who said Russell Simmons raped her in his apartment in… https://t.co/6jq1YOHlrn",-0.6808,0.0,0.805,0.195,38
438,@nytimes,Wed Dec 13 23:31:00 +0000 2017,"Toni Sallie said Russell Simmons raped her in 1988. To this day, she said, “I don’t feel comfortable in a room full… https://t.co/uuFQdmw6Yi",-0.3182,0.118,0.717,0.165,39
439,@nytimes,Wed Dec 13 22:58:32 +0000 2017,"In the ’80s, Toni Sallie, a music journalist, was thrilled to be covering Russell Simmons and other visionaries she… https://t.co/DMN4MWXR4l",0.4404,0.139,0.861,0.0,40
440,@nytimes,Wed Dec 13 22:55:15 +0000 2017,Four women spoke on the record with The New York Times about a pattern of violent sexual behavior by Russell Simmon… https://t.co/OepKAibMAK,-0.5994,0.0,0.837,0.163,41
441,@nytimes,Wed Dec 13 22:47:07 +0000 2017,RT @RaR: We've seen the vigils and makeshift memorials that come right after a mass shooting. But what does a community's grief look like f…,-0.1779,0.094,0.787,0.12,42
442,@nytimes,Wed Dec 13 22:32:09 +0000 2017,Secrets of ancient Mars might be found on a new island that popped up in the Pacific Ocean https://t.co/aFcPNbJ1z4,0.0,0.0,1.0,0.0,43
443,@nytimes,Wed Dec 13 22:17:02 +0000 2017,"The Federal Reserve chair (don’t call her “chairwoman”) quietly achieved rock-star status. Now that she’s leaving,… https://t.co/Q4jBpgj49T",0.0,0.0,1.0,0.0,44
444,@nytimes,Wed Dec 13 22:00:17 +0000 2017,"Salma Hayek on Harvey Weinstein, in @nytopinion:
""No to letting a naked friend of his give me a massage.
No to lett… https://t.co/haHSt5GvYd",-0.0516,0.125,0.703,0.172,45
445,@nytimes,Wed Dec 13 21:50:07 +0000 2017,"It's by no means an exhaustive list. So yeah, sorry about that. https://t.co/bc8VFVLQLt",-0.1987,0.149,0.537,0.315,46
446,@nytimes,Wed Dec 13 21:40:03 +0000 2017,"RT @NYTNational: ""We knew the world was looking at us"": On Alabama's Black voters, and their key role in electing Doug Jones to the U.S. Se…",0.0,0.0,1.0,0.0,47
447,@nytimes,Wed Dec 13 21:30:27 +0000 2017,"What’s ""Star Wars"" without its critters, creatures, monsters and menaces? Just a bunch of lightsabers and whining.… https://t.co/XQpt50xBWJ",-0.5574,0.0,0.816,0.184,48
448,@nytimes,Wed Dec 13 21:20:07 +0000 2017,No packet full of mystery ingredients necessary https://t.co/k447EC0Mgt,-0.296,0.0,0.761,0.239,49
449,@nytimes,Wed Dec 13 21:10:11 +0000 2017,"RT @AKannapell: What We’re Reading: the best of the web, via @AnnaDubenko @FrancescaDonner @sarahlyall @ABarnardNYT @ginahoslerlamb @DavidW…",0.6369,0.208,0.792,0.0,50
450,@nytimes,Wed Dec 13 21:04:01 +0000 2017,"@nytopinion Salma Hayek escribe sobre Harvey Weinstein en @nytopinion: 

“No a que un amigo suyo, desnudo, me diera… https://t.co/dvVPux6eqs",0.0,0.0,1.0,0.0,51
451,@nytimes,Wed Dec 13 21:00:05 +0000 2017,"""We lost about 80% of our avocado crop"" https://t.co/WZ1aTq3LdC",-0.3182,0.0,0.777,0.223,52
452,@nytimes,Wed Dec 13 20:50:02 +0000 2017,"Oaths of office can be taken on a Hebrew Bible, a Quran, a comic book, a lesser Shakespeare play or nothing at all https://t.co/GvRwbYdgFB",0.34,0.112,0.888,0.0,53
453,@nytimes,Wed Dec 13 20:40:12 +0000 2017,"Walmart will allow workers to get pay before payday via an app, to help them avoid predatory lenders. 

Critics sug… https://t.co/IyFkCFpSrU",-0.0516,0.174,0.606,0.22,54
454,@nytimes,Wed Dec 13 20:30:11 +0000 2017,RT @nytimesworld: President Jacob Zuma of South Africa suffered a stinging legal defeat in his attempt to block a corruption inquiry agains…,-0.8225,0.056,0.602,0.342,55
455,@nytimes,Wed Dec 13 20:20:18 +0000 2017,"How the Fed rate increase affects your mortgage, car loan and credit card bill https://t.co/62Ie20n5Jq",0.5994,0.274,0.726,0.0,56
456,@nytimes,Wed Dec 13 20:10:05 +0000 2017,A search for “Kill Bill” turns up results for Bob and Harvey Weinstein. A search for “House of Cards” turns up a re… https://t.co/wi7aOkIy4L,0.0,0.0,1.0,0.0,57
457,@nytimes,Wed Dec 13 20:00:20 +0000 2017,"RT @timesinsider: “I want everything we do to be intersectional in its approach — and race, class and gender identity are an important part…",0.2732,0.129,0.871,0.0,58
458,@nytimes,Wed Dec 13 19:50:04 +0000 2017,Here’s a new way to fight back attempts to spread fake news: file a police report https://t.co/WA2YrYk9GH,-0.6908,0.0,0.695,0.305,59
459,@nytimes,Wed Dec 13 19:40:11 +0000 2017,"Republican leaders have reached an agreement on a final tax bill, setting up final votes next week https://t.co/atMzM1g73z",0.5574,0.235,0.765,0.0,60
460,@nytimes,Wed Dec 13 19:36:20 +0000 2017,RT @jasondhorowitz: Naples goes nuts as Unesco honors its pizza makers as an Intangible Heritage of Humanity. https://t.co/hNZkqDWIGt,0.25,0.153,0.741,0.106,61
461,@nytimes,Wed Dec 13 19:30:08 +0000 2017,"RT @nytopinion: Lindy West, just published: ""It is with 100 percent professional certainty that I must inform you our president, Donald Tru…",0.25,0.091,0.909,0.0,62
462,@nytimes,Wed Dec 13 19:20:08 +0000 2017,"Once a long shot, Doug Jones beat Roy Moore to win Alabama's Senate race. One NYT reader's response to the news.… https://t.co/mMvIaZwU9a",0.5859,0.16,0.84,0.0,63
463,@nytimes,Wed Dec 13 19:10:05 +0000 2017,"Facebook says there's little evidence of a Russian effort to influence the ""Brexit"" vote. A British minister is not… https://t.co/dpPOvp59NC",0.0,0.0,1.0,0.0,64
464,@nytimes,Wed Dec 13 19:00:30 +0000 2017,"""Finally, the world recognizes the capability of the pizza maker"" https://t.co/DTAYdEoevL",0.0,0.0,1.0,0.0,65
465,@nytimes,Wed Dec 13 18:58:45 +0000 2017,"@mccanner Who’s the more foolish; the fool, or the fool who follows him?",-0.8281,0.0,0.534,0.466,66
466,@nytimes,Wed Dec 13 18:55:08 +0000 2017,"RT @nytopinion: Salma Hayek: Harvey Weinstein was a passionate cinephile, a risk taker, a patron of talent in film, a loving father and a m…",0.8402,0.358,0.567,0.074,67
467,@nytimes,Wed Dec 13 18:50:09 +0000 2017,RT @coopnytimes: What happens when opera stars unwind at a karaoke bar... https://t.co/DsxRTT0rrO,0.0,0.0,1.0,0.0,68
468,@nytimes,Wed Dec 13 18:40:15 +0000 2017,"President Trump said Janet Yellen had done ""a terrific job"" as Fed chair. So, why, many women wondered, replace her… https://t.co/oL4aQxd0Vo",0.4767,0.134,0.866,0.0,69
469,@nytimes,Wed Dec 13 18:30:12 +0000 2017,Here is the full list of nominees for SAG Awards https://t.co/aKxhIhbVO4,0.4588,0.231,0.769,0.0,70
470,@nytimes,Wed Dec 13 18:20:15 +0000 2017,Chuck Schumer called on Mitch McConnell to “hit the pause button” on the tax vote until Senator-Elect Doug Jones is… https://t.co/moDwl4Bp05,0.0,0.0,1.0,0.0,71
471,@nytimes,Wed Dec 13 18:09:05 +0000 2017,"Regardless of whether you are on #TeamPorg, @rilaws of @VanityFair said Lucasfilm had “admirably followed through o… https://t.co/DmpbeZksqD",0.0,0.0,1.0,0.0,72
472,@nytimes,Wed Dec 13 18:09:05 +0000 2017,But enough about the humans. What about the porgs? @JustinCChang of @latimes was not aboard the Porg train.… https://t.co/Vvw7pgqJb0,-0.0191,0.0,0.944,0.056,73
473,@nytimes,Wed Dec 13 18:09:04 +0000 2017,"Apparently, it's not short. @ChrisNashawaty of @EW said the film ""drags too much in the middle.""… https://t.co/eZQCKkqOhR",-0.1779,0.0,0.904,0.096,74
474,@nytimes,Wed Dec 13 18:09:04 +0000 2017,But the reviews were not uniformly positive. @blowryontv of @CNN said the film “feels like a significant letdown.”… https://t.co/f9dj6vTHNM,0.0966,0.193,0.675,0.132,75
475,@nytimes,Wed Dec 13 18:09:03 +0000 2017,".@TashaRobinson of @Verge said the new movie uses ""familiarity to play against expectations and subvert viewers’ no… https://t.co/DcLMmwQYhs",0.34,0.124,0.876,0.0,76
476,@nytimes,Wed Dec 13 18:09:03 +0000 2017,.@anthonyha of @TechCrunch called it “the most moving Star Wars movie — and the funniest” https://t.co/nbuaBhQIqN https://t.co/hRFchQ7YgB,-0.5945,0.0,0.795,0.205,77
477,@nytimes,Wed Dec 13 18:09:02 +0000 2017,"Most reviews were positive. In @nytimes, @ManohlaDargis said ""it is a satisfying, at times transporting entertainme… https://t.co/qHS9eGnU7O",0.7823,0.329,0.671,0.0,78
478,@nytimes,Wed Dec 13 18:05:28 +0000 2017,"Don't trust just one review? We rounded up what critics are saying about ""Star Wars: The Last Jedi"" (and porgs) https://t.co/Tj7TX4jXGB",-0.8177,0.0,0.679,0.321,79
479,@nytimes,Wed Dec 13 17:55:06 +0000 2017,Porgs are all anyone really cares about. So what do we know about those big-eyed cuties who stole the spotlight?… https://t.co/lqQQu1Mwza,0.7574,0.255,0.745,0.0,80
480,@nytimes,Wed Dec 13 17:45:06 +0000 2017,"Most Haitians live on $2 a day or less. But even modest funerals start at $1,100. So the bodies of sons and mothers… https://t.co/awBpCDDugf",-0.3818,0.0,0.894,0.106,81
481,@nytimes,Wed Dec 13 17:35:08 +0000 2017,"Senator Al Franken’s replacement is Tina Smith, Minnesota’s lieutenant governor and a Democrat. The seat will be up… https://t.co/NYWy7rVdrR",0.0,0.0,1.0,0.0,82
482,@nytimes,Wed Dec 13 17:25:07 +0000 2017,"As the Mueller investigation nears the Trump inner circle, a growing chorus of Republicans are seeking to discredit… https://t.co/HvMU9SypS8",0.1779,0.091,0.909,0.0,83
483,@nytimes,Wed Dec 13 17:14:18 +0000 2017,"Breaking News: House and Senate Republicans have a tax deal, putting a bill on track for final votes next week. It… https://t.co/cAHYbXQyAv",0.0,0.0,1.0,0.0,84
484,@nytimes,Wed Dec 13 17:10:05 +0000 2017,Omarosa Manigault Newman will be leaving her White House post in January https://t.co/9cf9Nwa3p1,0.0,0.0,1.0,0.0,85
485,@nytimes,Wed Dec 13 17:00:05 +0000 2017,"RT @jswatz: As blazes raged nearby, the Getty Center was ready. It was designed for fire. https://t.co/V65VHGDyJO",-0.4404,0.114,0.639,0.247,86
486,@nytimes,Wed Dec 13 16:50:30 +0000 2017,"Salma Hayek on Harvey Weinstein, in @nytopinion:
""No to letting a naked friend of his give me a massage.
No to lett… https://t.co/8nBYYI6Ui0",-0.0516,0.125,0.703,0.172,87
487,@nytimes,Wed Dec 13 16:35:04 +0000 2017,"RT @nytopinion: After Alabama, there will be no course correction — only the Trump who would rather have the G.O.P. fall in ruins than give…",-0.6249,0.0,0.812,0.188,88
488,@nytimes,Wed Dec 13 16:25:05 +0000 2017,"Women announced the nominations, women will present all the awards, and Kristen Bell will host the show https://t.co/uQIBz9DLqt",0.4588,0.15,0.85,0.0,89
489,@nytimes,Wed Dec 13 16:15:10 +0000 2017,"“You have to swear on a Bible to be an elected official in the United States of America,” said a spokesman for Roy… https://t.co/2ti0WcrM6F",0.3818,0.117,0.833,0.05,90
490,@nytimes,Wed Dec 13 16:00:23 +0000 2017,RT @jialynnyang: It wasn't just anti-Trump feeling. Black voters had a positive view of Doug Jones because of his history prosecuting two w…,0.499,0.144,0.801,0.055,91
491,@nytimes,Wed Dec 13 15:50:10 +0000 2017,"Roy Moore: ""It’s not over and it’s going to take some time. Thank you."" https://t.co/Mhz2DeVVny",0.3612,0.152,0.848,0.0,92
492,@nytimes,Wed Dec 13 15:40:06 +0000 2017,"RT @alanblinder: Were you one of the nearly 23,000 Alabamians who decided to write someone in? We'd like to hear from you: alan.blinder@nyt…",0.3612,0.102,0.898,0.0,93
493,@nytimes,Wed Dec 13 15:30:08 +0000 2017,"Join residents of a Japanese village devastated by the 2011 tsunami as they celebrate the rebuilding of a 1,100-yea… https://t.co/o6aWdoidH4",0.2263,0.237,0.602,0.161,94
494,@nytimes,Wed Dec 13 15:15:04 +0000 2017,"""I took action."" Ridley Scott talks about reshooting ""All the Money in the World,"" featuring Christopher Plummer in… https://t.co/ZyUaAlUWQK",0.0,0.0,1.0,0.0,95
495,@nytimes,Wed Dec 13 15:00:39 +0000 2017,Morning Briefing: Here's what you need to know to start your day https://t.co/z1QOXflVfx https://t.co/K74MU4dtTs,0.0,0.0,1.0,0.0,96
496,@nytimes,Wed Dec 13 14:51:06 +0000 2017,"A man convicted of child sex offenses was turned away from Sydney Airport as Australia's ""world first"" sex tourism… https://t.co/gLo8QvcgxI",-0.3612,0.0,0.878,0.122,97
497,@nytimes,Wed Dec 13 14:40:06 +0000 2017,Opinion: A GOP tragedy in four acts https://t.co/qkGEsGPDCh,-0.6597,0.0,0.577,0.423,98
498,@nytimes,Wed Dec 13 14:31:06 +0000 2017,Alabama election results https://t.co/rykGtMMdSd,0.0,0.0,1.0,0.0,99
499,@nytimes,Wed Dec 13 14:20:11 +0000 2017,Stephen Colbert made fun of Roy Moore for riding a horse to the polls. Late-night roundup: https://t.co/tKxPjE28i2,0.5106,0.18,0.82,0.0,100
